{
  "fetched": "2026-04-06T23:32:02Z",
  "ok": 21,
  "failed": 1,
  "quotes": {
    "corn": {
      "ticker": "ZC=F",
      "close": 453.75,
      "open": 448.75,
      "netChange": 5.0,
      "pctChange": 1.1142,
      "wk52_hi": 490.75,
      "wk52_lo": 368.75
    },
    "corn-dec": {
      "ticker": "ZCZ26.CBT",
      "close": 482.75,
      "open": 478.25,
      "netChange": 4.5,
      "pctChange": 0.9409,
      "wk52_hi": 498.5,
      "wk52_lo": 440.75
    },
    "beans": {
      "ticker": "ZS=F",
      "close": 1164.75,
      "open": 1159.75,
      "netChange": 5.0,
      "pctChange": 0.4311,
      "wk52_hi": 1223.25,
      "wk52_lo": 960.75
    },
    "beans-nov": {
      "ticker": "ZSX26.CBT",
      "close": 1156.0,
      "open": 1150.75,
      "netChange": 5.25,
      "pctChange": 0.4562,
      "wk52_hi": 1174.25,
      "wk52_lo": 992.0
    },
    "wheat": {
      "ticker": "ZW=F",
      "close": 595.75,
      "open": 590.25,
      "netChange": 5.5,
      "pctChange": 0.9318,
      "wk52_hi": 635.0,
      "wk52_lo": 492.25
    },
    "oats": {
      "ticker": "ZO=F",
      "close": 349.0,
      "open": 347.25,
      "netChange": 1.75,
      "pctChange": 0.504,
      "wk52_hi": 403.5,
      "wk52_lo": 272.0
    },
    "cattle": {
      "ticker": "LE=F",
      "close": 247.02499,
      "open": 246.2,
      "netChange": 0.82499,
      "pctChange": 0.3351,
      "wk52_hi": 247.75,
      "wk52_lo": 197.75
    },
    "feeders": {
      "ticker": "GF=F",
      "close": 370.35001,
      "open": 370.67499,
      "netChange": -0.32498,
      "pctChange": -0.0877,
      "wk52_hi": 381.025,
      "wk52_lo": 273.1
    },
    "hogs": {
      "ticker": "HE=F",
      "close": 107.7,
      "open": 104.45,
      "netChange": 3.25,
      "pctChange": 3.1115,
      "wk52_hi": 113.7,
      "wk52_lo": 77.35
    },
    "milk": {
      "ticker": "DC=F",
      "close": 17.9,
      "open": 18.4,
      "netChange": -0.5,
      "pctChange": -2.7174,
      "wk52_hi": 18.89,
      "wk52_lo": 14.53
    },
    "meal": {
      "ticker": "ZM=F",
      "close": 316.60001,
      "open": 316.39999,
      "netChange": 0.20002,
      "pctChange": 0.0632,
      "wk52_hi": 335.5,
      "wk52_lo": 258.6
    },
    "soyoil": {
      "ticker": "ZL=F",
      "close": 69.86,
      "open": 68.76,
      "netChange": 1.1,
      "pctChange": 1.5998,
      "wk52_hi": 69.68,
      "wk52_lo": 43.83
    },
    "crude": {
      "ticker": "CL=F",
      "close": 113.35,
      "open": 111.29,
      "netChange": 2.06,
      "pctChange": 1.851,
      "wk52_hi": 119.48,
      "wk52_lo": 54.98
    },
    "natgas": {
      "ticker": "NG=F",
      "close": 2.801,
      "open": 2.821,
      "netChange": -0.02,
      "pctChange": -0.709,
      "wk52_hi": 7.827,
      "wk52_lo": 2.622
    },
    "gold": {
      "ticker": "GC=F",
      "close": 4681.6001,
      "open": 4666.2998,
      "netChange": 15.3003,
      "pctChange": 0.3279,
      "wk52_hi": 5586.2002,
      "wk52_lo": 2949.7
    },
    "silver": {
      "ticker": "SI=F",
      "close": 73.07,
      "open": 72.1,
      "netChange": 0.97,
      "pctChange": 1.3454,
      "wk52_hi": 121.3,
      "wk52_lo": 28.31
    },
    "dollar": {
      "ticker": "DX=F",
      "close": 100.0,
      "open": 99.873,
      "netChange": 0.127,
      "pctChange": 0.1272
    },
    "treasury10": {
      "ticker": "^TNX",
      "close": 4.335,
      "open": 4.313,
      "netChange": 0.022,
      "pctChange": 0.5101,
      "wk52_hi": 4.629,
      "wk52_lo": 3.947
    },
    "sp500": {
      "ticker": "^GSPC",
      "close": 6611.83008,
      "open": 6582.69,
      "netChange": 29.14008,
      "pctChange": 0.4427,
      "wk52_hi": 7002.2798,
      "wk52_lo": 4835.04
    },
    "bitcoin": {
      "ticker": "BTC-USD",
      "close": 68513.25,
      "open": 68982.17969,
      "netChange": -468.92969,
      "pctChange": -0.6798,
      "wk52_hi": 126198.0703,
      "wk52_lo": 60074.2031
    },
    "ripple": {
      "ticker": "XRP-USD",
      "close": 1.31711,
      "open": 1.32545,
      "netChange": -0.00834,
      "pctChange": -0.6292,
      "wk52_hi": 3.6502,
      "wk52_lo": 1.1335
    },
    "kaspa": {
      "ticker": "KAS-USD",
      "close": 0.03091,
      "open": 0.03147,
      "netChange": -0.00056,
      "pctChange": -1.7795,
      "wk52_hi": 0.1308,
      "wk52_lo": 0.0139
    }
  }
}