{
  "fetched": "2026-03-02T18:32:16Z",
  "ok": 19,
  "failed": 0,
  "quotes": {
    "corn": {
      "ticker": "ZC=F",
      "close": 444.5,
      "open": 448.0,
      "netChange": -3.5,
      "pctChange": -0.7812,
      "wk52_hi": 490.75,
      "wk52_lo": 368.75
    },
    "corn-dec": {
      "ticker": "ZCZ26.CBT",
      "close": 468.25,
      "open": 470.25,
      "netChange": -2.0,
      "pctChange": -0.4253,
      "wk52_hi": 477.0,
      "wk52_lo": 440.75
    },
    "beans": {
      "ticker": "ZS=F",
      "close": 1163.25,
      "open": 1170.25,
      "netChange": -7.0,
      "pctChange": -0.5982,
      "wk52_hi": 1169.5,
      "wk52_lo": 960.75
    },
    "beans-nov": {
      "ticker": "ZSX26.CBT",
      "close": 1127.25,
      "open": 1128.5,
      "netChange": -1.25,
      "pctChange": -0.1108,
      "wk52_hi": 1132.5,
      "wk52_lo": 992.0
    },
    "wheat": {
      "ticker": "ZW=F",
      "close": 575.5,
      "open": 590.75,
      "netChange": -15.25,
      "pctChange": -2.5815,
      "wk52_hi": 595.75,
      "wk52_lo": 492.25
    },
    "oats": {
      "ticker": "ZO=F",
      "close": 315.25,
      "open": 320.0,
      "netChange": -4.75,
      "pctChange": -1.4844,
      "wk52_hi": 403.5,
      "wk52_lo": 272.0
    },
    "cattle": {
      "ticker": "LE=F",
      "close": 232.05,
      "open": 232.22501,
      "netChange": -0.17501,
      "pctChange": -0.0754,
      "wk52_hi": 247.75,
      "wk52_lo": 189.5
    },
    "feeders": {
      "ticker": "GF=F",
      "close": 351.04999,
      "open": 350.97501,
      "netChange": 0.07498,
      "pctChange": 0.0214,
      "wk52_hi": 381.025,
      "wk52_lo": 269.175
    },
    "hogs": {
      "ticker": "HE=F",
      "close": 95.25,
      "open": 95.625,
      "netChange": -0.375,
      "pctChange": -0.3922,
      "wk52_hi": 113.7,
      "wk52_lo": 77.35
    },
    "milk": {
      "ticker": "DC=F",
      "close": 17.14,
      "open": 14.92,
      "netChange": 2.22,
      "pctChange": 14.8794,
      "wk52_hi": 20.24,
      "wk52_lo": 14.53
    },
    "meal": {
      "ticker": "ZM=F",
      "close": 313.20001,
      "open": 316.39999,
      "netChange": -3.19998,
      "pctChange": -1.0114,
      "wk52_hi": 331.7,
      "wk52_lo": 258.6
    },
    "soyoil": {
      "ticker": "ZL=F",
      "close": 62.78,
      "open": 63.1,
      "netChange": -0.32,
      "pctChange": -0.5071,
      "wk52_hi": 61.92,
      "wk52_lo": 40.78
    },
    "crude": {
      "ticker": "CL=F",
      "close": 70.84,
      "open": 71.31,
      "netChange": -0.47,
      "pctChange": -0.6591,
      "wk52_hi": 78.4,
      "wk52_lo": 54.98
    },
    "natgas": {
      "ticker": "NG=F",
      "close": 2.947,
      "open": 2.894,
      "netChange": 0.053,
      "pctChange": 1.8314,
      "wk52_hi": 7.827,
      "wk52_lo": 2.622
    },
    "gold": {
      "ticker": "GC=F",
      "close": 5318.2002,
      "open": 5369.7998,
      "netChange": -51.5996,
      "pctChange": -0.9609,
      "wk52_hi": 5586.2002,
      "wk52_lo": 2863.3999
    },
    "silver": {
      "ticker": "SI=F",
      "close": 88.865,
      "open": 94.08,
      "netChange": -5.215,
      "pctChange": -5.5432,
      "wk52_hi": 121.3,
      "wk52_lo": 28.31
    },
    "dollar": {
      "ticker": "DX=F",
      "close": 98.475,
      "open": 97.845,
      "netChange": 0.63,
      "pctChange": 0.6439,
      "wk52_hi": 107.36,
      "wk52_lo": 95.36
    },
    "treasury10": {
      "ticker": "^TNX",
      "close": 4.054,
      "open": 3.962,
      "netChange": 0.092,
      "pctChange": 2.3221,
      "wk52_hi": 4.629,
      "wk52_lo": 3.886
    },
    "sp500": {
      "ticker": "^GSPC",
      "close": 6881.41016,
      "open": 6878.04004,
      "netChange": 3.37012,
      "pctChange": 0.049,
      "wk52_hi": 7002.2798,
      "wk52_lo": 4835.04
    }
  }
}