{
  "fetched": "2026-03-03T13:52:05Z",
  "ok": 19,
  "failed": 0,
  "quotes": {
    "corn": {
      "ticker": "ZC=F",
      "close": 450.5,
      "open": 446.5,
      "netChange": 4.0,
      "pctChange": 0.8959,
      "wk52_hi": 490.75,
      "wk52_lo": 368.75
    },
    "corn-dec": {
      "ticker": "ZCZ26.CBT",
      "close": 473.5,
      "open": 470.25,
      "netChange": 3.25,
      "pctChange": 0.6911,
      "wk52_hi": 477.0,
      "wk52_lo": 440.75
    },
    "beans": {
      "ticker": "ZS=F",
      "close": 1175.5,
      "open": 1170.25,
      "netChange": 5.25,
      "pctChange": 0.4486,
      "wk52_hi": 1169.75,
      "wk52_lo": 960.75
    },
    "beans-nov": {
      "ticker": "ZSX26.CBT",
      "close": 1135.25,
      "open": 1132.75,
      "netChange": 2.5,
      "pctChange": 0.2207,
      "wk52_hi": 1136.0,
      "wk52_lo": 992.0
    },
    "wheat": {
      "ticker": "ZW=F",
      "close": 581.0,
      "open": 577.0,
      "netChange": 4.0,
      "pctChange": 0.6932,
      "wk52_hi": 596.0,
      "wk52_lo": 492.25
    },
    "oats": {
      "ticker": "ZO=F",
      "close": 315.75,
      "open": 316.5,
      "netChange": -0.75,
      "pctChange": -0.237,
      "wk52_hi": 403.5,
      "wk52_lo": 272.0
    },
    "cattle": {
      "ticker": "LE=F",
      "close": 229.22501,
      "open": 232.22501,
      "netChange": -3.0,
      "pctChange": -1.2919,
      "wk52_hi": 247.75,
      "wk52_lo": 189.5
    },
    "feeders": {
      "ticker": "GF=F",
      "close": 335.79999,
      "open": 350.97501,
      "netChange": -15.17502,
      "pctChange": -4.3237,
      "wk52_hi": 381.025,
      "wk52_lo": 269.175
    },
    "hogs": {
      "ticker": "HE=F",
      "close": 85.875,
      "open": 95.625,
      "netChange": -9.75,
      "pctChange": -10.1961,
      "wk52_hi": 113.7,
      "wk52_lo": 77.35
    },
    "milk": {
      "ticker": "DC=F",
      "close": 17.22,
      "open": 18.02,
      "netChange": -0.8,
      "pctChange": -4.4395,
      "wk52_hi": 20.24,
      "wk52_lo": 14.53
    },
    "meal": {
      "ticker": "ZM=F",
      "close": 314.60001,
      "open": 314.0,
      "netChange": 0.60001,
      "pctChange": 0.1911,
      "wk52_hi": 331.7,
      "wk52_lo": 258.6
    },
    "soyoil": {
      "ticker": "ZL=F",
      "close": 63.37,
      "open": 63.24,
      "netChange": 0.13,
      "pctChange": 0.2056,
      "wk52_hi": 63.11,
      "wk52_lo": 40.78
    },
    "crude": {
      "ticker": "CL=F",
      "close": 76.22,
      "open": 72.67,
      "netChange": 3.55,
      "pctChange": 4.8851,
      "wk52_hi": 78.4,
      "wk52_lo": 54.98
    },
    "natgas": {
      "ticker": "NG=F",
      "close": 3.114,
      "open": 3.03,
      "netChange": 0.084,
      "pctChange": 2.7723,
      "wk52_hi": 7.827,
      "wk52_lo": 2.622
    },
    "gold": {
      "ticker": "GC=F",
      "close": 5169.2998,
      "open": 5377.8999,
      "netChange": -208.6001,
      "pctChange": -3.8788,
      "wk52_hi": 5586.2002,
      "wk52_lo": 2880.2
    },
    "silver": {
      "ticker": "SI=F",
      "close": 82.86,
      "open": 89.885,
      "netChange": -7.025,
      "pctChange": -7.8155,
      "wk52_hi": 121.3,
      "wk52_lo": 28.31
    },
    "dollar": {
      "ticker": "DX=F",
      "close": 99.15,
      "open": 98.595,
      "netChange": 0.555,
      "pctChange": 0.5629,
      "wk52_hi": 106.6,
      "wk52_lo": 95.36
    },
    "treasury10": {
      "ticker": "^TNX",
      "close": 4.094,
      "open": 4.048,
      "netChange": 0.046,
      "pctChange": 1.1364,
      "wk52_hi": 4.629,
      "wk52_lo": 3.886
    },
    "sp500": {
      "ticker": "^GSPC",
      "close": 6881.62012,
      "open": 6878.88,
      "netChange": 2.74012,
      "pctChange": 0.0398,
      "wk52_hi": 7002.2798,
      "wk52_lo": 4835.04
    }
  }
}