{
  "fetched": "2026-03-25T14:10:51Z",
  "ok": 21,
  "failed": 1,
  "quotes": {
    "corn": {
      "ticker": "ZC=F",
      "close": 461.75,
      "open": 460.0,
      "netChange": 1.75,
      "pctChange": 0.3804,
      "wk52_hi": 490.75,
      "wk52_lo": 368.75
    },
    "corn-dec": {
      "ticker": "ZCZ26.CBT",
      "close": 489.75,
      "open": 486.75,
      "netChange": 3.0,
      "pctChange": 0.6163,
      "wk52_hi": 498.5,
      "wk52_lo": 440.75
    },
    "beans": {
      "ticker": "ZS=F",
      "close": 1158.75,
      "open": 1153.75,
      "netChange": 5.0,
      "pctChange": 0.4334,
      "wk52_hi": 1223.25,
      "wk52_lo": 960.75
    },
    "beans-nov": {
      "ticker": "ZSX26.CBT",
      "close": 1146.25,
      "open": 1142.25,
      "netChange": 4.0,
      "pctChange": 0.3502,
      "wk52_hi": 1174.25,
      "wk52_lo": 992.0
    },
    "wheat": {
      "ticker": "ZW=F",
      "close": 590.5,
      "open": 586.75,
      "netChange": 3.75,
      "pctChange": 0.6391,
      "wk52_hi": 635.0,
      "wk52_lo": 492.25
    },
    "oats": {
      "ticker": "ZO=F",
      "close": 334.75,
      "open": 331.5,
      "netChange": 3.25,
      "pctChange": 0.9804,
      "wk52_hi": 403.5,
      "wk52_lo": 272.0
    },
    "cattle": {
      "ticker": "LE=F",
      "close": 229.97501,
      "open": 234.45,
      "netChange": -4.47499,
      "pctChange": -1.9087,
      "wk52_hi": 247.75,
      "wk52_lo": 197.75
    },
    "feeders": {
      "ticker": "GF=F",
      "close": 339.95001,
      "open": 350.75,
      "netChange": -10.79999,
      "pctChange": -3.0791,
      "wk52_hi": 381.025,
      "wk52_lo": 273.1
    },
    "hogs": {
      "ticker": "HE=F",
      "close": 85.45,
      "open": 104.025,
      "netChange": -18.575,
      "pctChange": -17.8563,
      "wk52_hi": 113.7,
      "wk52_lo": 77.35
    },
    "milk": {
      "ticker": "DC=F",
      "close": 17.67,
      "open": 17.52,
      "netChange": 0.15,
      "pctChange": 0.8562,
      "wk52_hi": 18.89,
      "wk52_lo": 14.53
    },
    "meal": {
      "ticker": "ZM=F",
      "close": 320.79999,
      "open": 322.29999,
      "netChange": -1.5,
      "pctChange": -0.4654,
      "wk52_hi": 335.5,
      "wk52_lo": 258.6
    },
    "soyoil": {
      "ticker": "ZL=F",
      "close": 65.6,
      "open": 65.27,
      "netChange": 0.33,
      "pctChange": 0.5056,
      "wk52_hi": 69.24,
      "wk52_lo": 42.15
    },
    "crude": {
      "ticker": "CL=F",
      "close": 88.8,
      "open": 88.94,
      "netChange": -0.14,
      "pctChange": -0.1574,
      "wk52_hi": 119.48,
      "wk52_lo": 54.98
    },
    "natgas": {
      "ticker": "NG=F",
      "close": 2.873,
      "open": 2.844,
      "netChange": 0.029,
      "pctChange": 1.0197,
      "wk52_hi": 7.827,
      "wk52_lo": 2.622
    },
    "gold": {
      "ticker": "GC=F",
      "close": 4533.3999,
      "open": 4567.7998,
      "netChange": -34.3999,
      "pctChange": -0.7531,
      "wk52_hi": 5586.2002,
      "wk52_lo": 2949.7
    },
    "silver": {
      "ticker": "SI=F",
      "close": 72.07,
      "open": 73.545,
      "netChange": -1.475,
      "pctChange": -2.0056,
      "wk52_hi": 121.3,
      "wk52_lo": 28.31
    },
    "dollar": {
      "ticker": "DX=F",
      "close": 100.0,
      "open": 99.873,
      "netChange": 0.127,
      "pctChange": 0.1272
    },
    "treasury10": {
      "ticker": "^TNX",
      "close": 4.344,
      "open": 4.392,
      "netChange": -0.048,
      "pctChange": -1.0929,
      "wk52_hi": 4.629,
      "wk52_lo": 3.886
    },
    "sp500": {
      "ticker": "^GSPC",
      "close": 6594.33984,
      "open": 6557.37988,
      "netChange": 36.95996,
      "pctChange": 0.5636,
      "wk52_hi": 7002.2798,
      "wk52_lo": 4835.04
    },
    "bitcoin": {
      "ticker": "BTC-USD",
      "close": 71492.60938,
      "open": 70531.625,
      "netChange": 960.98438,
      "pctChange": 1.3625,
      "wk52_hi": 126198.0703,
      "wk52_lo": 60074.2031
    },
    "ripple": {
      "ticker": "XRP-USD",
      "close": 1.41933,
      "open": 1.41539,
      "netChange": 0.00394,
      "pctChange": 0.2784,
      "wk52_hi": 3.6502,
      "wk52_lo": 1.1335
    },
    "kaspa": {
      "ticker": "KAS-USD",
      "close": 0.03872,
      "open": 0.03633,
      "netChange": 0.00239,
      "pctChange": 6.5786,
      "wk52_hi": 0.1308,
      "wk52_lo": 0.0139
    }
  }
}