{
  "fetched": "2026-04-06T17:41:35Z",
  "ok": 21,
  "failed": 1,
  "quotes": {
    "corn": {
      "ticker": "ZC=F",
      "close": 453.25,
      "open": 448.75,
      "netChange": 4.5,
      "pctChange": 1.0028,
      "wk52_hi": 490.75,
      "wk52_lo": 368.75
    },
    "corn-dec": {
      "ticker": "ZCZ26.CBT",
      "close": 482.25,
      "open": 478.25,
      "netChange": 4.0,
      "pctChange": 0.8364,
      "wk52_hi": 498.5,
      "wk52_lo": 440.75
    },
    "beans": {
      "ticker": "ZS=F",
      "close": 1167.5,
      "open": 1159.75,
      "netChange": 7.75,
      "pctChange": 0.6682,
      "wk52_hi": 1223.25,
      "wk52_lo": 960.75
    },
    "beans-nov": {
      "ticker": "ZSX26.CBT",
      "close": 1157.25,
      "open": 1150.75,
      "netChange": 6.5,
      "pctChange": 0.5648,
      "wk52_hi": 1174.25,
      "wk52_lo": 992.0
    },
    "wheat": {
      "ticker": "ZW=F",
      "close": 593.75,
      "open": 590.25,
      "netChange": 3.5,
      "pctChange": 0.593,
      "wk52_hi": 635.0,
      "wk52_lo": 492.25
    },
    "oats": {
      "ticker": "ZO=F",
      "close": 347.75,
      "open": 347.25,
      "netChange": 0.5,
      "pctChange": 0.144,
      "wk52_hi": 403.5,
      "wk52_lo": 272.0
    },
    "cattle": {
      "ticker": "LE=F",
      "close": 247.25,
      "open": 246.2,
      "netChange": 1.05,
      "pctChange": 0.4265,
      "wk52_hi": 247.75,
      "wk52_lo": 197.75
    },
    "feeders": {
      "ticker": "GF=F",
      "close": 370.85001,
      "open": 370.67499,
      "netChange": 0.17502,
      "pctChange": 0.0472,
      "wk52_hi": 381.025,
      "wk52_lo": 273.1
    },
    "hogs": {
      "ticker": "HE=F",
      "close": 107.525,
      "open": 104.45,
      "netChange": 3.075,
      "pctChange": 2.944,
      "wk52_hi": 113.7,
      "wk52_lo": 77.35
    },
    "milk": {
      "ticker": "DC=F",
      "close": 17.98,
      "open": 18.4,
      "netChange": -0.42,
      "pctChange": -2.2826,
      "wk52_hi": 18.89,
      "wk52_lo": 14.53
    },
    "meal": {
      "ticker": "ZM=F",
      "close": 317.60001,
      "open": 316.39999,
      "netChange": 1.20002,
      "pctChange": 0.3793,
      "wk52_hi": 335.5,
      "wk52_lo": 258.6
    },
    "soyoil": {
      "ticker": "ZL=F",
      "close": 69.73,
      "open": 68.76,
      "netChange": 0.97,
      "pctChange": 1.4107,
      "wk52_hi": 69.68,
      "wk52_lo": 43.83
    },
    "crude": {
      "ticker": "CL=F",
      "close": 113.07,
      "open": 111.29,
      "netChange": 1.78,
      "pctChange": 1.5994,
      "wk52_hi": 119.48,
      "wk52_lo": 54.98
    },
    "natgas": {
      "ticker": "NG=F",
      "close": 2.827,
      "open": 2.821,
      "netChange": 0.006,
      "pctChange": 0.2127,
      "wk52_hi": 7.827,
      "wk52_lo": 2.622
    },
    "gold": {
      "ticker": "GC=F",
      "close": 4683.1001,
      "open": 4666.2998,
      "netChange": 16.8003,
      "pctChange": 0.36,
      "wk52_hi": 5586.2002,
      "wk52_lo": 2949.7
    },
    "silver": {
      "ticker": "SI=F",
      "close": 72.875,
      "open": 72.1,
      "netChange": 0.775,
      "pctChange": 1.0749,
      "wk52_hi": 121.3,
      "wk52_lo": 28.31
    },
    "dollar": {
      "ticker": "DX=F",
      "close": 100.0,
      "open": 99.873,
      "netChange": 0.127,
      "pctChange": 0.1272
    },
    "treasury10": {
      "ticker": "^TNX",
      "close": 4.339,
      "open": 4.313,
      "netChange": 0.026,
      "pctChange": 0.6028,
      "wk52_hi": 4.629,
      "wk52_lo": 3.947
    },
    "sp500": {
      "ticker": "^GSPC",
      "close": 6594.02002,
      "open": 6581.56006,
      "netChange": 12.45996,
      "pctChange": 0.1893,
      "wk52_hi": 7002.2798,
      "wk52_lo": 4835.04
    },
    "bitcoin": {
      "ticker": "BTC-USD",
      "close": 69533.5,
      "open": 68982.17969,
      "netChange": 551.32031,
      "pctChange": 0.7992,
      "wk52_hi": 126198.0703,
      "wk52_lo": 60074.2031
    },
    "ripple": {
      "ticker": "XRP-USD",
      "close": 1.34048,
      "open": 1.32545,
      "netChange": 0.01503,
      "pctChange": 1.134,
      "wk52_hi": 3.6502,
      "wk52_lo": 1.1335
    },
    "kaspa": {
      "ticker": "KAS-USD",
      "close": 0.03117,
      "open": 0.03146,
      "netChange": -0.00029,
      "pctChange": -0.9218,
      "wk52_hi": 0.1308,
      "wk52_lo": 0.0139
    }
  }
}