{
  "fetched": "2026-04-10T13:54:25Z",
  "ok": 21,
  "failed": 1,
  "quotes": {
    "corn": {
      "ticker": "ZC=F",
      "close": 441.0,
      "open": 444.25,
      "netChange": -3.25,
      "pctChange": -0.7316,
      "wk52_hi": 490.75,
      "wk52_lo": 368.75
    },
    "corn-dec": {
      "ticker": "ZCZ26.CBT",
      "close": 471.25,
      "open": 473.75,
      "netChange": -2.5,
      "pctChange": -0.5277,
      "wk52_hi": 498.5,
      "wk52_lo": 440.75
    },
    "beans": {
      "ticker": "ZS=F",
      "close": 1173.75,
      "open": 1167.75,
      "netChange": 6.0,
      "pctChange": 0.5138,
      "wk52_hi": 1223.25,
      "wk52_lo": 960.75
    },
    "beans-nov": {
      "ticker": "ZSX26.CBT",
      "close": 1157.5,
      "open": 1154.75,
      "netChange": 2.75,
      "pctChange": 0.2381,
      "wk52_hi": 1174.25,
      "wk52_lo": 1014.5
    },
    "wheat": {
      "ticker": "ZW=F",
      "close": 570.75,
      "open": 576.25,
      "netChange": -5.5,
      "pctChange": -0.9544,
      "wk52_hi": 635.0,
      "wk52_lo": 492.25
    },
    "oats": {
      "ticker": "ZO=F",
      "close": 336.0,
      "open": 334.5,
      "netChange": 1.5,
      "pctChange": 0.4484,
      "wk52_hi": 403.5,
      "wk52_lo": 272.0
    },
    "cattle": {
      "ticker": "LE=F",
      "close": 247.675,
      "open": 247.52499,
      "netChange": 0.15001,
      "pctChange": 0.0606,
      "wk52_hi": 249.95,
      "wk52_lo": 200.45
    },
    "feeders": {
      "ticker": "GF=F",
      "close": 371.60001,
      "open": 370.77499,
      "netChange": 0.82502,
      "pctChange": 0.2225,
      "wk52_hi": 381.025,
      "wk52_lo": 282.325
    },
    "hogs": {
      "ticker": "HE=F",
      "close": 103.8,
      "open": 104.175,
      "netChange": -0.375,
      "pctChange": -0.36,
      "wk52_hi": 113.7,
      "wk52_lo": 77.35
    },
    "milk": {
      "ticker": "DC=F",
      "close": 17.11,
      "open": 17.05,
      "netChange": 0.06,
      "pctChange": 0.3519,
      "wk52_hi": 18.89,
      "wk52_lo": 14.53
    },
    "meal": {
      "ticker": "ZM=F",
      "close": 329.89999,
      "open": 320.39999,
      "netChange": 9.5,
      "pctChange": 2.965,
      "wk52_hi": 335.5,
      "wk52_lo": 258.6
    },
    "soyoil": {
      "ticker": "ZL=F",
      "close": 67.14,
      "open": 67.48,
      "netChange": -0.34,
      "pctChange": -0.5039,
      "wk52_hi": 70.49,
      "wk52_lo": 45.74
    },
    "crude": {
      "ticker": "CL=F",
      "close": 98.6,
      "open": 97.79,
      "netChange": 0.81,
      "pctChange": 0.8283,
      "wk52_hi": 119.48,
      "wk52_lo": 54.98
    },
    "natgas": {
      "ticker": "NG=F",
      "close": 2.648,
      "open": 2.668,
      "netChange": -0.02,
      "pctChange": -0.7496,
      "wk52_hi": 7.827,
      "wk52_lo": 2.622
    },
    "gold": {
      "ticker": "GC=F",
      "close": 4793.3999,
      "open": 4789.1001,
      "netChange": 4.2998,
      "pctChange": 0.0898,
      "wk52_hi": 5586.2002,
      "wk52_lo": 3125.0
    },
    "silver": {
      "ticker": "SI=F",
      "close": 76.245,
      "open": 75.95,
      "netChange": 0.295,
      "pctChange": 0.3884,
      "wk52_hi": 121.3,
      "wk52_lo": 31.115
    },
    "dollar": {
      "ticker": "DX=F",
      "close": 100.0,
      "open": 99.873,
      "netChange": 0.127,
      "pctChange": 0.1272
    },
    "treasury10": {
      "ticker": "^TNX",
      "close": 4.301,
      "open": 4.293,
      "netChange": 0.008,
      "pctChange": 0.1863,
      "wk52_hi": 4.629,
      "wk52_lo": 3.947
    },
    "sp500": {
      "ticker": "^GSPC",
      "close": 6830.47021,
      "open": 6823.93994,
      "netChange": 6.53027,
      "pctChange": 0.0957,
      "wk52_hi": 7002.2798,
      "wk52_lo": 5101.6299
    },
    "bitcoin": {
      "ticker": "BTC-USD",
      "close": 72141.875,
      "open": 71771.63281,
      "netChange": 370.24219,
      "pctChange": 0.5159,
      "wk52_hi": 126198.0703,
      "wk52_lo": 60074.2031
    },
    "ripple": {
      "ticker": "XRP-USD",
      "close": 1.34241,
      "open": 1.34423,
      "netChange": -0.00182,
      "pctChange": -0.1354,
      "wk52_hi": 3.6502,
      "wk52_lo": 1.1335
    },
    "kaspa": {
      "ticker": "KAS-USD",
      "close": 0.03272,
      "open": 0.03214,
      "netChange": 0.00058,
      "pctChange": 1.8046,
      "wk52_hi": 0.1308,
      "wk52_lo": 0.0139
    }
  }
}