{
  "fetched": "2026-04-24T18:07:24Z",
  "ok": 21,
  "failed": 1,
  "quotes": {
    "corn": {
      "ticker": "ZC=F",
      "close": 463.25,
      "open": 463.5,
      "netChange": -0.25,
      "pctChange": -0.0539,
      "wk52_hi": 480.75,
      "wk52_lo": 368.75
    },
    "corn-dec": {
      "ticker": "ZCZ26.CBT",
      "close": 483.75,
      "open": 483.5,
      "netChange": 0.25,
      "pctChange": 0.0517,
      "wk52_hi": 498.5,
      "wk52_lo": 440.75
    },
    "beans": {
      "ticker": "ZS=F",
      "close": 1177.25,
      "open": 1172.75,
      "netChange": 4.5,
      "pctChange": 0.3837,
      "wk52_hi": 1223.25,
      "wk52_lo": 960.75
    },
    "beans-nov": {
      "ticker": "ZSX26.CBT",
      "close": 1154.5,
      "open": 1152.5,
      "netChange": 2.0,
      "pctChange": 0.1735,
      "wk52_hi": 1174.25,
      "wk52_lo": 1023.25
    },
    "wheat": {
      "ticker": "ZW=F",
      "close": 615.75,
      "open": 619.25,
      "netChange": -3.5,
      "pctChange": -0.5652,
      "wk52_hi": 635.0,
      "wk52_lo": 492.25
    },
    "oats": {
      "ticker": "ZO=F",
      "close": 338.5,
      "open": 335.5,
      "netChange": 3.0,
      "pctChange": 0.8942,
      "wk52_hi": 403.5,
      "wk52_lo": 272.0
    },
    "cattle": {
      "ticker": "LE=F",
      "close": 245.325,
      "open": 243.47501,
      "netChange": 1.84999,
      "pctChange": 0.7598,
      "wk52_hi": 253.6,
      "wk52_lo": 204.55
    },
    "feeders": {
      "ticker": "GF=F",
      "close": 361.92499,
      "open": 359.125,
      "netChange": 2.79999,
      "pctChange": 0.7797,
      "wk52_hi": 381.025,
      "wk52_lo": 288.475
    },
    "hogs": {
      "ticker": "HE=F",
      "close": 101.95,
      "open": 103.425,
      "netChange": -1.475,
      "pctChange": -1.4262,
      "wk52_hi": 113.7,
      "wk52_lo": 77.35
    },
    "milk": {
      "ticker": "DC=F",
      "close": 18.17,
      "open": 18.01,
      "netChange": 0.16,
      "pctChange": 0.8884,
      "wk52_hi": 18.89,
      "wk52_lo": 14.53
    },
    "meal": {
      "ticker": "ZM=F",
      "close": 318.39999,
      "open": 316.60001,
      "netChange": 1.79998,
      "pctChange": 0.5685,
      "wk52_hi": 339.6,
      "wk52_lo": 258.6
    },
    "soyoil": {
      "ticker": "ZL=F",
      "close": 71.2,
      "open": 70.99,
      "netChange": 0.21,
      "pctChange": 0.2958,
      "wk52_hi": 73.32,
      "wk52_lo": 45.74
    },
    "crude": {
      "ticker": "CL=F",
      "close": 93.25,
      "open": 96.62,
      "netChange": -3.37,
      "pctChange": -3.4879,
      "wk52_hi": 119.48,
      "wk52_lo": 54.98
    },
    "natgas": {
      "ticker": "NG=F",
      "close": 2.69,
      "open": 2.722,
      "netChange": -0.032,
      "pctChange": -1.1756,
      "wk52_hi": 7.827,
      "wk52_lo": 2.561
    },
    "gold": {
      "ticker": "GC=F",
      "close": 4740.6001,
      "open": 4687.5,
      "netChange": 53.1001,
      "pctChange": 1.1328,
      "wk52_hi": 5586.2002,
      "wk52_lo": 3125.0
    },
    "silver": {
      "ticker": "SI=F",
      "close": 76.53,
      "open": 74.81,
      "netChange": 1.72,
      "pctChange": 2.2992,
      "wk52_hi": 121.3,
      "wk52_lo": 31.685
    },
    "dollar": {
      "ticker": "DX=F",
      "close": 100.0,
      "open": 99.873,
      "netChange": 0.127,
      "pctChange": 0.1272
    },
    "treasury10": {
      "ticker": "^TNX",
      "close": 4.31,
      "open": 4.323,
      "netChange": -0.013,
      "pctChange": -0.3007,
      "wk52_hi": 4.629,
      "wk52_lo": 3.947
    },
    "sp500": {
      "ticker": "^GSPC",
      "close": 7158.2002,
      "open": 7108.04004,
      "netChange": 50.16016,
      "pctChange": 0.7057,
      "wk52_hi": 7147.7798,
      "wk52_lo": 5433.2402
    },
    "bitcoin": {
      "ticker": "BTC-USD",
      "close": 77642.17188,
      "open": 78281.32031,
      "netChange": -639.14843,
      "pctChange": -0.8165,
      "wk52_hi": 126198.0703,
      "wk52_lo": 60074.2031
    },
    "ripple": {
      "ticker": "XRP-USD",
      "close": 1.4397,
      "open": 1.4393,
      "netChange": 0.0004,
      "pctChange": 0.0278,
      "wk52_hi": 3.6502,
      "wk52_lo": 1.1335
    },
    "kaspa": {
      "ticker": "KAS-USD",
      "close": 0.03382,
      "open": 0.03436,
      "netChange": -0.00054,
      "pctChange": -1.5716,
      "wk52_hi": 0.1308,
      "wk52_lo": 0.0139
    }
  }
}