{
  "fetched": "2026-04-14T07:07:11Z",
  "ok": 21,
  "failed": 1,
  "quotes": {
    "corn": {
      "ticker": "ZC=F",
      "close": 443.0,
      "open": 441.75,
      "netChange": 1.25,
      "pctChange": 0.283,
      "wk52_hi": 488.75,
      "wk52_lo": 368.75
    },
    "corn-dec": {
      "ticker": "ZCZ26.CBT",
      "close": 473.25,
      "open": 472.25,
      "netChange": 1.0,
      "pctChange": 0.2118,
      "wk52_hi": 498.5,
      "wk52_lo": 440.75
    },
    "beans": {
      "ticker": "ZS=F",
      "close": 1163.5,
      "open": 1163.25,
      "netChange": 0.25,
      "pctChange": 0.0215,
      "wk52_hi": 1223.25,
      "wk52_lo": 960.75
    },
    "beans-nov": {
      "ticker": "ZSX26.CBT",
      "close": 1151.25,
      "open": 1150.75,
      "netChange": 0.5,
      "pctChange": 0.0434,
      "wk52_hi": 1174.25,
      "wk52_lo": 1023.25
    },
    "wheat": {
      "ticker": "ZW=F",
      "close": 584.75,
      "open": 581.5,
      "netChange": 3.25,
      "pctChange": 0.5589,
      "wk52_hi": 635.0,
      "wk52_lo": 492.25
    },
    "oats": {
      "ticker": "ZO=F",
      "close": 338.25,
      "open": 340.0,
      "netChange": -1.75,
      "pctChange": -0.5147,
      "wk52_hi": 403.5,
      "wk52_lo": 272.0
    },
    "cattle": {
      "ticker": "LE=F",
      "close": 248.7,
      "open": 249.075,
      "netChange": -0.375,
      "pctChange": -0.1506,
      "wk52_hi": 252.25,
      "wk52_lo": 203.95
    },
    "feeders": {
      "ticker": "GF=F",
      "close": 373.325,
      "open": 372.27499,
      "netChange": 1.05001,
      "pctChange": 0.2821,
      "wk52_hi": 381.025,
      "wk52_lo": 285.1
    },
    "hogs": {
      "ticker": "HE=F",
      "close": 102.975,
      "open": 103.55,
      "netChange": -0.575,
      "pctChange": -0.5553,
      "wk52_hi": 113.7,
      "wk52_lo": 77.35
    },
    "milk": {
      "ticker": "DC=F",
      "close": 17.16,
      "open": 17.19,
      "netChange": -0.03,
      "pctChange": -0.1745,
      "wk52_hi": 18.89,
      "wk52_lo": 14.53
    },
    "meal": {
      "ticker": "ZM=F",
      "close": 334.79999,
      "open": 334.29999,
      "netChange": 0.5,
      "pctChange": 0.1496,
      "wk52_hi": 336.3,
      "wk52_lo": 258.6
    },
    "soyoil": {
      "ticker": "ZL=F",
      "close": 66.23,
      "open": 66.12,
      "netChange": 0.11,
      "pctChange": 0.1664,
      "wk52_hi": 70.49,
      "wk52_lo": 45.74
    },
    "crude": {
      "ticker": "CL=F",
      "close": 97.53,
      "open": 97.12,
      "netChange": 0.41,
      "pctChange": 0.4222,
      "wk52_hi": 119.48,
      "wk52_lo": 54.98
    },
    "natgas": {
      "ticker": "NG=F",
      "close": 2.61,
      "open": 2.619,
      "netChange": -0.009,
      "pctChange": -0.3436,
      "wk52_hi": 7.827,
      "wk52_lo": 2.615
    },
    "gold": {
      "ticker": "GC=F",
      "close": 4803.7002,
      "open": 4786.2998,
      "netChange": 17.4004,
      "pctChange": 0.3635,
      "wk52_hi": 5586.2002,
      "wk52_lo": 3125.0
    },
    "silver": {
      "ticker": "SI=F",
      "close": 77.43,
      "open": 75.95,
      "netChange": 1.48,
      "pctChange": 1.9487,
      "wk52_hi": 121.3,
      "wk52_lo": 31.685
    },
    "dollar": {
      "ticker": "DX=F",
      "close": 100.0,
      "open": 99.873,
      "netChange": 0.127,
      "pctChange": 0.1272
    },
    "treasury10": {
      "ticker": "^TNX",
      "close": 4.297,
      "open": 4.317,
      "netChange": -0.02,
      "pctChange": -0.4633,
      "wk52_hi": 4.629,
      "wk52_lo": 3.947
    },
    "sp500": {
      "ticker": "^GSPC",
      "close": 6886.24023,
      "open": 6816.89,
      "netChange": 69.35023,
      "pctChange": 1.0173,
      "wk52_hi": 7002.2798,
      "wk52_lo": 5101.6299
    },
    "bitcoin": {
      "ticker": "BTC-USD",
      "close": 74616.0,
      "open": 74532.74219,
      "netChange": 83.25781,
      "pctChange": 0.1117,
      "wk52_hi": 126198.0703,
      "wk52_lo": 60074.2031
    },
    "ripple": {
      "ticker": "XRP-USD",
      "close": 1.37236,
      "open": 1.37673,
      "netChange": -0.00437,
      "pctChange": -0.3174,
      "wk52_hi": 3.6502,
      "wk52_lo": 1.1335
    },
    "kaspa": {
      "ticker": "KAS-USD",
      "close": 0.03296,
      "open": 0.03303,
      "netChange": -7e-05,
      "pctChange": -0.2119,
      "wk52_hi": 0.1308,
      "wk52_lo": 0.0139
    }
  }
}