{
  "fetched": "2026-04-07T02:02:43Z",
  "ok": 21,
  "failed": 1,
  "quotes": {
    "corn": {
      "ticker": "ZC=F",
      "close": 453.5,
      "open": 448.75,
      "netChange": 4.75,
      "pctChange": 1.0585,
      "wk52_hi": 490.75,
      "wk52_lo": 368.75
    },
    "corn-dec": {
      "ticker": "ZCZ26.CBT",
      "close": 482.5,
      "open": 478.25,
      "netChange": 4.25,
      "pctChange": 0.8887,
      "wk52_hi": 498.5,
      "wk52_lo": 440.75
    },
    "beans": {
      "ticker": "ZS=F",
      "close": 1165.25,
      "open": 1159.75,
      "netChange": 5.5,
      "pctChange": 0.4742,
      "wk52_hi": 1223.25,
      "wk52_lo": 960.75
    },
    "beans-nov": {
      "ticker": "ZSX26.CBT",
      "close": 1156.0,
      "open": 1150.75,
      "netChange": 5.25,
      "pctChange": 0.4562,
      "wk52_hi": 1174.25,
      "wk52_lo": 992.0
    },
    "wheat": {
      "ticker": "ZW=F",
      "close": 594.25,
      "open": 590.25,
      "netChange": 4.0,
      "pctChange": 0.6777,
      "wk52_hi": 635.0,
      "wk52_lo": 492.25
    },
    "oats": {
      "ticker": "ZO=F",
      "close": 351.5,
      "open": 347.25,
      "netChange": 4.25,
      "pctChange": 1.2239,
      "wk52_hi": 403.5,
      "wk52_lo": 272.0
    },
    "cattle": {
      "ticker": "LE=F",
      "close": 247.02499,
      "open": 246.2,
      "netChange": 0.82499,
      "pctChange": 0.3351,
      "wk52_hi": 247.75,
      "wk52_lo": 197.75
    },
    "feeders": {
      "ticker": "GF=F",
      "close": 370.35001,
      "open": 370.67499,
      "netChange": -0.32498,
      "pctChange": -0.0877,
      "wk52_hi": 381.025,
      "wk52_lo": 273.1
    },
    "hogs": {
      "ticker": "HE=F",
      "close": 107.7,
      "open": 104.45,
      "netChange": 3.25,
      "pctChange": 3.1115,
      "wk52_hi": 113.7,
      "wk52_lo": 77.35
    },
    "milk": {
      "ticker": "DC=F",
      "close": 17.79,
      "open": 18.4,
      "netChange": -0.61,
      "pctChange": -3.3152,
      "wk52_hi": 18.89,
      "wk52_lo": 14.53
    },
    "meal": {
      "ticker": "ZM=F",
      "close": 315.70001,
      "open": 316.39999,
      "netChange": -0.69998,
      "pctChange": -0.2212,
      "wk52_hi": 335.5,
      "wk52_lo": 258.6
    },
    "soyoil": {
      "ticker": "ZL=F",
      "close": 70.03,
      "open": 68.76,
      "netChange": 1.27,
      "pctChange": 1.847,
      "wk52_hi": 69.68,
      "wk52_lo": 43.83
    },
    "crude": {
      "ticker": "CL=F",
      "close": 114.59,
      "open": 111.29,
      "netChange": 3.3,
      "pctChange": 2.9652,
      "wk52_hi": 119.48,
      "wk52_lo": 54.98
    },
    "natgas": {
      "ticker": "NG=F",
      "close": 2.792,
      "open": 2.821,
      "netChange": -0.029,
      "pctChange": -1.028,
      "wk52_hi": 7.827,
      "wk52_lo": 2.622
    },
    "gold": {
      "ticker": "GC=F",
      "close": 4649.2998,
      "open": 4666.2998,
      "netChange": -17.0,
      "pctChange": -0.3643,
      "wk52_hi": 5586.2002,
      "wk52_lo": 2949.7
    },
    "silver": {
      "ticker": "SI=F",
      "close": 72.255,
      "open": 72.1,
      "netChange": 0.155,
      "pctChange": 0.215,
      "wk52_hi": 121.3,
      "wk52_lo": 28.31
    },
    "dollar": {
      "ticker": "DX=F",
      "close": 100.0,
      "open": 99.873,
      "netChange": 0.127,
      "pctChange": 0.1272
    },
    "treasury10": {
      "ticker": "^TNX",
      "close": 4.335,
      "open": 4.313,
      "netChange": 0.022,
      "pctChange": 0.5101,
      "wk52_hi": 4.629,
      "wk52_lo": 3.947
    },
    "sp500": {
      "ticker": "^GSPC",
      "close": 6611.83008,
      "open": 6582.69,
      "netChange": 29.14008,
      "pctChange": 0.4427,
      "wk52_hi": 7002.2798,
      "wk52_lo": 4835.04
    },
    "bitcoin": {
      "ticker": "BTC-USD",
      "close": 68413.49219,
      "open": 69753.14844,
      "netChange": -1339.65625,
      "pctChange": -1.9206,
      "wk52_hi": 126198.0703,
      "wk52_lo": 60074.2031
    },
    "ripple": {
      "ticker": "XRP-USD",
      "close": 1.31501,
      "open": 1.34016,
      "netChange": -0.02515,
      "pctChange": -1.8766,
      "wk52_hi": 3.6502,
      "wk52_lo": 1.1335
    },
    "kaspa": {
      "ticker": "KAS-USD",
      "close": 0.03102,
      "open": 0.03143,
      "netChange": -0.00041,
      "pctChange": -1.3045,
      "wk52_hi": 0.1308,
      "wk52_lo": 0.0139
    }
  }
}