{
  "fetched": "2026-04-23T10:04:16Z",
  "ok": 21,
  "failed": 1,
  "quotes": {
    "corn": {
      "ticker": "ZC=F",
      "close": 464.75,
      "open": 462.75,
      "netChange": 2.0,
      "pctChange": 0.4322,
      "wk52_hi": 480.75,
      "wk52_lo": 368.75
    },
    "corn-dec": {
      "ticker": "ZCZ26.CBT",
      "close": 484.5,
      "open": 482.25,
      "netChange": 2.25,
      "pctChange": 0.4666,
      "wk52_hi": 498.5,
      "wk52_lo": 440.75
    },
    "beans": {
      "ticker": "ZS=F",
      "close": 1181.75,
      "open": 1180.75,
      "netChange": 1.0,
      "pctChange": 0.0847,
      "wk52_hi": 1223.25,
      "wk52_lo": 960.75
    },
    "beans-nov": {
      "ticker": "ZSX26.CBT",
      "close": 1160.0,
      "open": 1157.75,
      "netChange": 2.25,
      "pctChange": 0.1943,
      "wk52_hi": 1174.25,
      "wk52_lo": 1023.25
    },
    "wheat": {
      "ticker": "ZW=F",
      "close": 613.75,
      "open": 611.25,
      "netChange": 2.5,
      "pctChange": 0.409,
      "wk52_hi": 635.0,
      "wk52_lo": 492.25
    },
    "oats": {
      "ticker": "ZO=F",
      "close": 332.5,
      "open": 333.25,
      "netChange": -0.75,
      "pctChange": -0.2251,
      "wk52_hi": 403.5,
      "wk52_lo": 272.0
    },
    "cattle": {
      "ticker": "LE=F",
      "close": 243.225,
      "open": 243.5,
      "netChange": -0.275,
      "pctChange": -0.1129,
      "wk52_hi": 253.6,
      "wk52_lo": 204.55
    },
    "feeders": {
      "ticker": "GF=F",
      "close": 359.0,
      "open": 359.02499,
      "netChange": -0.02499,
      "pctChange": -0.007,
      "wk52_hi": 381.025,
      "wk52_lo": 287.925
    },
    "hogs": {
      "ticker": "HE=F",
      "close": 102.5,
      "open": 103.05,
      "netChange": -0.55,
      "pctChange": -0.5337,
      "wk52_hi": 113.7,
      "wk52_lo": 77.35
    },
    "milk": {
      "ticker": "DC=F",
      "close": 17.44,
      "open": 17.45,
      "netChange": -0.01,
      "pctChange": -0.0573,
      "wk52_hi": 18.89,
      "wk52_lo": 14.53
    },
    "meal": {
      "ticker": "ZM=F",
      "close": 318.20001,
      "open": 316.89999,
      "netChange": 1.30002,
      "pctChange": 0.4102,
      "wk52_hi": 339.6,
      "wk52_lo": 258.6
    },
    "soyoil": {
      "ticker": "ZL=F",
      "close": 70.81,
      "open": 71.09,
      "netChange": -0.28,
      "pctChange": -0.3939,
      "wk52_hi": 73.32,
      "wk52_lo": 45.74
    },
    "crude": {
      "ticker": "CL=F",
      "close": 94.79,
      "open": 94.55,
      "netChange": 0.24,
      "pctChange": 0.2538,
      "wk52_hi": 119.48,
      "wk52_lo": 54.98
    },
    "natgas": {
      "ticker": "NG=F",
      "close": 2.857,
      "open": 2.721,
      "netChange": 0.136,
      "pctChange": 4.9982,
      "wk52_hi": 7.827,
      "wk52_lo": 2.561
    },
    "gold": {
      "ticker": "GC=F",
      "close": 4712.0,
      "open": 4720.0,
      "netChange": -8.0,
      "pctChange": -0.1695,
      "wk52_hi": 5586.2002,
      "wk52_lo": 3125.0
    },
    "silver": {
      "ticker": "SI=F",
      "close": 75.375,
      "open": 76.07,
      "netChange": -0.695,
      "pctChange": -0.9136,
      "wk52_hi": 121.3,
      "wk52_lo": 31.685
    },
    "dollar": {
      "ticker": "DX=F",
      "close": 100.0,
      "open": 99.873,
      "netChange": 0.127,
      "pctChange": 0.1272
    },
    "treasury10": {
      "ticker": "^TNX",
      "close": 4.294,
      "open": 4.292,
      "netChange": 0.002,
      "pctChange": 0.0466,
      "wk52_hi": 4.629,
      "wk52_lo": 3.947
    },
    "sp500": {
      "ticker": "^GSPC",
      "close": 7137.8999,
      "open": 7064.01,
      "netChange": 73.8899,
      "pctChange": 1.046,
      "wk52_hi": 7147.52,
      "wk52_lo": 5371.96
    },
    "bitcoin": {
      "ticker": "BTC-USD",
      "close": 77692.20312,
      "open": 78208.54688,
      "netChange": -516.34376,
      "pctChange": -0.6602,
      "wk52_hi": 126198.0703,
      "wk52_lo": 60074.2031
    },
    "ripple": {
      "ticker": "XRP-USD",
      "close": 1.416,
      "open": 1.4297,
      "netChange": -0.0137,
      "pctChange": -0.9582,
      "wk52_hi": 3.6502,
      "wk52_lo": 1.1335
    },
    "kaspa": {
      "ticker": "KAS-USD",
      "close": 0.03382,
      "open": 0.03436,
      "netChange": -0.00054,
      "pctChange": -1.5716,
      "wk52_hi": 0.1308,
      "wk52_lo": 0.0139
    }
  }
}