{
  "fetched": "2026-04-15T17:38:20Z",
  "ok": 21,
  "failed": 1,
  "quotes": {
    "corn": {
      "ticker": "ZC=F",
      "close": 451.5,
      "open": 445.25,
      "netChange": 6.25,
      "pctChange": 1.4037,
      "wk52_hi": 487.25,
      "wk52_lo": 368.75
    },
    "corn-dec": {
      "ticker": "ZCZ26.CBT",
      "close": 478.5,
      "open": 472.5,
      "netChange": 6.0,
      "pctChange": 1.2698,
      "wk52_hi": 498.5,
      "wk52_lo": 440.75
    },
    "beans": {
      "ticker": "ZS=F",
      "close": 1169.25,
      "open": 1161.0,
      "netChange": 8.25,
      "pctChange": 0.7106,
      "wk52_hi": 1223.25,
      "wk52_lo": 960.75
    },
    "beans-nov": {
      "ticker": "ZSX26.CBT",
      "close": 1157.0,
      "open": 1146.25,
      "netChange": 10.75,
      "pctChange": 0.9378,
      "wk52_hi": 1174.25,
      "wk52_lo": 1023.25
    },
    "wheat": {
      "ticker": "ZW=F",
      "close": 602.75,
      "open": 601.75,
      "netChange": 1.0,
      "pctChange": 0.1662,
      "wk52_hi": 635.0,
      "wk52_lo": 492.25
    },
    "oats": {
      "ticker": "ZO=F",
      "close": 347.0,
      "open": 342.75,
      "netChange": 4.25,
      "pctChange": 1.24,
      "wk52_hi": 403.5,
      "wk52_lo": 272.0
    },
    "cattle": {
      "ticker": "LE=F",
      "close": 250.52499,
      "open": 251.35001,
      "netChange": -0.82502,
      "pctChange": -0.3282,
      "wk52_hi": 253.6,
      "wk52_lo": 204.55
    },
    "feeders": {
      "ticker": "GF=F",
      "close": 370.42499,
      "open": 375.42499,
      "netChange": -5.0,
      "pctChange": -1.3318,
      "wk52_hi": 381.025,
      "wk52_lo": 285.1
    },
    "hogs": {
      "ticker": "HE=F",
      "close": 101.875,
      "open": 102.475,
      "netChange": -0.6,
      "pctChange": -0.5855,
      "wk52_hi": 113.7,
      "wk52_lo": 77.35
    },
    "milk": {
      "ticker": "DC=F",
      "close": 18.3,
      "open": 18.12,
      "netChange": 0.18,
      "pctChange": 0.9934,
      "wk52_hi": 18.89,
      "wk52_lo": 14.53
    },
    "meal": {
      "ticker": "ZM=F",
      "close": 331.70001,
      "open": 327.29999,
      "netChange": 4.40002,
      "pctChange": 1.3443,
      "wk52_hi": 339.6,
      "wk52_lo": 258.6
    },
    "soyoil": {
      "ticker": "ZL=F",
      "close": 67.27,
      "open": 66.31,
      "netChange": 0.96,
      "pctChange": 1.4477,
      "wk52_hi": 70.49,
      "wk52_lo": 45.74
    },
    "crude": {
      "ticker": "CL=F",
      "close": 91.71,
      "open": 90.94,
      "netChange": 0.77,
      "pctChange": 0.8467,
      "wk52_hi": 119.48,
      "wk52_lo": 54.98
    },
    "natgas": {
      "ticker": "NG=F",
      "close": 2.602,
      "open": 2.589,
      "netChange": 0.013,
      "pctChange": 0.5021,
      "wk52_hi": 7.827,
      "wk52_lo": 2.561
    },
    "gold": {
      "ticker": "GC=F",
      "close": 4826.1001,
      "open": 4849.6001,
      "netChange": -23.5,
      "pctChange": -0.4846,
      "wk52_hi": 5586.2002,
      "wk52_lo": 3125.0
    },
    "silver": {
      "ticker": "SI=F",
      "close": 79.585,
      "open": 79.925,
      "netChange": -0.34,
      "pctChange": -0.4254,
      "wk52_hi": 121.3,
      "wk52_lo": 31.685
    },
    "dollar": {
      "ticker": "DX=F",
      "close": 100.0,
      "open": 99.873,
      "netChange": 0.127,
      "pctChange": 0.1272
    },
    "treasury10": {
      "ticker": "^TNX",
      "close": 4.282,
      "open": 4.256,
      "netChange": 0.026,
      "pctChange": 0.6109,
      "wk52_hi": 4.629,
      "wk52_lo": 3.947
    },
    "sp500": {
      "ticker": "^GSPC",
      "close": 7001.0,
      "open": 6966.77979,
      "netChange": 34.22021,
      "pctChange": 0.4912,
      "wk52_hi": 7002.2798,
      "wk52_lo": 5101.6299
    },
    "bitcoin": {
      "ticker": "BTC-USD",
      "close": 74156.03125,
      "open": 74204.64844,
      "netChange": -48.61719,
      "pctChange": -0.0655,
      "wk52_hi": 126198.0703,
      "wk52_lo": 60074.2031
    },
    "ripple": {
      "ticker": "XRP-USD",
      "close": 1.3808,
      "open": 1.3623,
      "netChange": 0.0185,
      "pctChange": 1.358,
      "wk52_hi": 3.6502,
      "wk52_lo": 1.1335
    },
    "kaspa": {
      "ticker": "KAS-USD",
      "close": 0.03288,
      "open": 0.03236,
      "netChange": 0.00052,
      "pctChange": 1.6069,
      "wk52_hi": 0.1308,
      "wk52_lo": 0.0139
    }
  }
}