{
  "fetched": "2026-03-31T17:47:34Z",
  "ok": 21,
  "failed": 1,
  "quotes": {
    "corn": {
      "ticker": "ZC=F",
      "close": 458.5,
      "open": 456.0,
      "netChange": 2.5,
      "pctChange": 0.5482,
      "wk52_hi": 490.75,
      "wk52_lo": 368.75
    },
    "corn-dec": {
      "ticker": "ZCZ26.CBT",
      "close": 485.25,
      "open": 483.25,
      "netChange": 2.0,
      "pctChange": 0.4139,
      "wk52_hi": 498.5,
      "wk52_lo": 440.75
    },
    "beans": {
      "ticker": "ZS=F",
      "close": 1173.25,
      "open": 1159.75,
      "netChange": 13.5,
      "pctChange": 1.164,
      "wk52_hi": 1223.25,
      "wk52_lo": 960.75
    },
    "beans-nov": {
      "ticker": "ZSX26.CBT",
      "close": 1160.75,
      "open": 1143.0,
      "netChange": 17.75,
      "pctChange": 1.5529,
      "wk52_hi": 1174.25,
      "wk52_lo": 992.0
    },
    "wheat": {
      "ticker": "ZW=F",
      "close": 615.75,
      "open": 610.0,
      "netChange": 5.75,
      "pctChange": 0.9426,
      "wk52_hi": 635.0,
      "wk52_lo": 492.25
    },
    "oats": {
      "ticker": "ZO=F",
      "close": 348.75,
      "open": 347.5,
      "netChange": 1.25,
      "pctChange": 0.3597,
      "wk52_hi": 403.5,
      "wk52_lo": 272.0
    },
    "cattle": {
      "ticker": "LE=F",
      "close": 242.5,
      "open": 233.60001,
      "netChange": 8.89999,
      "pctChange": 3.8099,
      "wk52_hi": 247.75,
      "wk52_lo": 197.75
    },
    "feeders": {
      "ticker": "GF=F",
      "close": 365.77499,
      "open": 361.85001,
      "netChange": 3.92498,
      "pctChange": 1.0847,
      "wk52_hi": 381.025,
      "wk52_lo": 273.1
    },
    "hogs": {
      "ticker": "HE=F",
      "close": 105.25,
      "open": 105.925,
      "netChange": -0.675,
      "pctChange": -0.6372,
      "wk52_hi": 113.7,
      "wk52_lo": 77.35
    },
    "milk": {
      "ticker": "DC=F",
      "close": 17.39,
      "open": 17.36,
      "netChange": 0.03,
      "pctChange": 0.1728,
      "wk52_hi": 18.89,
      "wk52_lo": 14.53
    },
    "meal": {
      "ticker": "ZM=F",
      "close": 317.10001,
      "open": 314.79999,
      "netChange": 2.30002,
      "pctChange": 0.7306,
      "wk52_hi": 335.5,
      "wk52_lo": 258.6
    },
    "soyoil": {
      "ticker": "ZL=F",
      "close": 68.74,
      "open": 68.24,
      "netChange": 0.5,
      "pctChange": 0.7327,
      "wk52_hi": 69.68,
      "wk52_lo": 43.83
    },
    "crude": {
      "ticker": "CL=F",
      "close": 101.69,
      "open": 103.0,
      "netChange": -1.31,
      "pctChange": -1.2718,
      "wk52_hi": 119.48,
      "wk52_lo": 54.98
    },
    "natgas": {
      "ticker": "NG=F",
      "close": 2.893,
      "open": 2.838,
      "netChange": 0.055,
      "pctChange": 1.938,
      "wk52_hi": 7.827,
      "wk52_lo": 2.622
    },
    "gold": {
      "ticker": "GC=F",
      "close": 4680.2998,
      "open": 4584.8999,
      "netChange": 95.3999,
      "pctChange": 2.0807,
      "wk52_hi": 5586.2002,
      "wk52_lo": 2949.7
    },
    "silver": {
      "ticker": "SI=F",
      "close": 74.86,
      "open": 72.18,
      "netChange": 2.68,
      "pctChange": 3.7129,
      "wk52_hi": 121.3,
      "wk52_lo": 28.31
    },
    "dollar": {
      "ticker": "DX=F",
      "close": 100.0,
      "open": 99.873,
      "netChange": 0.127,
      "pctChange": 0.1272
    },
    "treasury10": {
      "ticker": "^TNX",
      "close": 4.305,
      "open": 4.342,
      "netChange": -0.037,
      "pctChange": -0.8521,
      "wk52_hi": 4.629,
      "wk52_lo": 3.886
    },
    "sp500": {
      "ticker": "^GSPC",
      "close": 6496.58984,
      "open": 6343.75,
      "netChange": 152.83984,
      "pctChange": 2.4093,
      "wk52_hi": 7002.2798,
      "wk52_lo": 4835.04
    },
    "bitcoin": {
      "ticker": "BTC-USD",
      "close": 67641.07031,
      "open": 66691.91406,
      "netChange": 949.15625,
      "pctChange": 1.4232,
      "wk52_hi": 126198.0703,
      "wk52_lo": 60074.2031
    },
    "ripple": {
      "ticker": "XRP-USD",
      "close": 1.33197,
      "open": 1.32258,
      "netChange": 0.00939,
      "pctChange": 0.71,
      "wk52_hi": 3.6502,
      "wk52_lo": 1.1335
    },
    "kaspa": {
      "ticker": "KAS-USD",
      "close": 0.03235,
      "open": 0.03189,
      "netChange": 0.00046,
      "pctChange": 1.4425,
      "wk52_hi": 0.1308,
      "wk52_lo": 0.0139
    }
  }
}