{
  "fetched": "2026-04-24T14:52:45Z",
  "ok": 21,
  "failed": 1,
  "quotes": {
    "corn": {
      "ticker": "ZC=F",
      "close": 463.75,
      "open": 463.5,
      "netChange": 0.25,
      "pctChange": 0.0539,
      "wk52_hi": 480.75,
      "wk52_lo": 368.75
    },
    "corn-dec": {
      "ticker": "ZCZ26.CBT",
      "close": 483.5,
      "open": 483.5,
      "netChange": 0.0,
      "pctChange": 0.0,
      "wk52_hi": 498.5,
      "wk52_lo": 440.75
    },
    "beans": {
      "ticker": "ZS=F",
      "close": 1172.5,
      "open": 1172.75,
      "netChange": -0.25,
      "pctChange": -0.0213,
      "wk52_hi": 1223.25,
      "wk52_lo": 960.75
    },
    "beans-nov": {
      "ticker": "ZSX26.CBT",
      "close": 1152.25,
      "open": 1152.5,
      "netChange": -0.25,
      "pctChange": -0.0217,
      "wk52_hi": 1174.25,
      "wk52_lo": 1023.25
    },
    "wheat": {
      "ticker": "ZW=F",
      "close": 611.75,
      "open": 619.25,
      "netChange": -7.5,
      "pctChange": -1.2111,
      "wk52_hi": 635.0,
      "wk52_lo": 492.25
    },
    "oats": {
      "ticker": "ZO=F",
      "close": 336.75,
      "open": 335.5,
      "netChange": 1.25,
      "pctChange": 0.3726,
      "wk52_hi": 403.5,
      "wk52_lo": 272.0
    },
    "cattle": {
      "ticker": "LE=F",
      "close": 245.3,
      "open": 243.47501,
      "netChange": 1.82499,
      "pctChange": 0.7496,
      "wk52_hi": 253.6,
      "wk52_lo": 204.55
    },
    "feeders": {
      "ticker": "GF=F",
      "close": 361.77499,
      "open": 359.125,
      "netChange": 2.64999,
      "pctChange": 0.7379,
      "wk52_hi": 381.025,
      "wk52_lo": 288.475
    },
    "hogs": {
      "ticker": "HE=F",
      "close": 102.95,
      "open": 103.425,
      "netChange": -0.475,
      "pctChange": -0.4593,
      "wk52_hi": 113.7,
      "wk52_lo": 77.35
    },
    "milk": {
      "ticker": "DC=F",
      "close": 16.84,
      "open": 18.01,
      "netChange": -1.17,
      "pctChange": -6.4964,
      "wk52_hi": 18.89,
      "wk52_lo": 14.53
    },
    "meal": {
      "ticker": "ZM=F",
      "close": 316.79999,
      "open": 316.60001,
      "netChange": 0.19998,
      "pctChange": 0.0632,
      "wk52_hi": 339.6,
      "wk52_lo": 258.6
    },
    "soyoil": {
      "ticker": "ZL=F",
      "close": 70.8,
      "open": 70.99,
      "netChange": -0.19,
      "pctChange": -0.2676,
      "wk52_hi": 73.32,
      "wk52_lo": 45.74
    },
    "crude": {
      "ticker": "CL=F",
      "close": 94.86,
      "open": 96.62,
      "netChange": -1.76,
      "pctChange": -1.8216,
      "wk52_hi": 119.48,
      "wk52_lo": 54.98
    },
    "natgas": {
      "ticker": "NG=F",
      "close": 2.666,
      "open": 2.722,
      "netChange": -0.056,
      "pctChange": -2.0573,
      "wk52_hi": 7.827,
      "wk52_lo": 2.561
    },
    "gold": {
      "ticker": "GC=F",
      "close": 4746.3999,
      "open": 4687.5,
      "netChange": 58.8999,
      "pctChange": 1.2565,
      "wk52_hi": 5586.2002,
      "wk52_lo": 3125.0
    },
    "silver": {
      "ticker": "SI=F",
      "close": 76.01,
      "open": 74.81,
      "netChange": 1.2,
      "pctChange": 1.6041,
      "wk52_hi": 121.3,
      "wk52_lo": 31.685
    },
    "dollar": {
      "ticker": "DX=F",
      "close": 100.0,
      "open": 99.873,
      "netChange": 0.127,
      "pctChange": 0.1272
    },
    "treasury10": {
      "ticker": "^TNX",
      "close": 4.306,
      "open": 4.323,
      "netChange": -0.017,
      "pctChange": -0.3932,
      "wk52_hi": 4.629,
      "wk52_lo": 3.947
    },
    "sp500": {
      "ticker": "^GSPC",
      "close": 7135.5,
      "open": 7108.04004,
      "netChange": 27.45996,
      "pctChange": 0.3863,
      "wk52_hi": 7147.7798,
      "wk52_lo": 5433.2402
    },
    "bitcoin": {
      "ticker": "BTC-USD",
      "close": 77952.0,
      "open": 78281.32031,
      "netChange": -329.32031,
      "pctChange": -0.4207,
      "wk52_hi": 126198.0703,
      "wk52_lo": 60074.2031
    },
    "ripple": {
      "ticker": "XRP-USD",
      "close": 1.4364,
      "open": 1.4393,
      "netChange": -0.0029,
      "pctChange": -0.2015,
      "wk52_hi": 3.6502,
      "wk52_lo": 1.1335
    },
    "kaspa": {
      "ticker": "KAS-USD",
      "close": 0.03382,
      "open": 0.03436,
      "netChange": -0.00054,
      "pctChange": -1.5716,
      "wk52_hi": 0.1308,
      "wk52_lo": 0.0139
    }
  }
}