{
  "fetched": "2026-04-06T14:43:04Z",
  "ok": 21,
  "failed": 1,
  "quotes": {
    "corn": {
      "ticker": "ZC=F",
      "close": 451.75,
      "open": 448.75,
      "netChange": 3.0,
      "pctChange": 0.6685,
      "wk52_hi": 490.75,
      "wk52_lo": 368.75
    },
    "corn-dec": {
      "ticker": "ZCZ26.CBT",
      "close": 480.75,
      "open": 478.25,
      "netChange": 2.5,
      "pctChange": 0.5227,
      "wk52_hi": 498.5,
      "wk52_lo": 440.75
    },
    "beans": {
      "ticker": "ZS=F",
      "close": 1165.25,
      "open": 1159.75,
      "netChange": 5.5,
      "pctChange": 0.4742,
      "wk52_hi": 1223.25,
      "wk52_lo": 960.75
    },
    "beans-nov": {
      "ticker": "ZSX26.CBT",
      "close": 1153.75,
      "open": 1150.75,
      "netChange": 3.0,
      "pctChange": 0.2607,
      "wk52_hi": 1174.25,
      "wk52_lo": 992.0
    },
    "wheat": {
      "ticker": "ZW=F",
      "close": 592.0,
      "open": 590.25,
      "netChange": 1.75,
      "pctChange": 0.2965,
      "wk52_hi": 635.0,
      "wk52_lo": 492.25
    },
    "oats": {
      "ticker": "ZO=F",
      "close": 347.75,
      "open": 347.25,
      "netChange": 0.5,
      "pctChange": 0.144,
      "wk52_hi": 403.5,
      "wk52_lo": 272.0
    },
    "cattle": {
      "ticker": "LE=F",
      "close": 246.22501,
      "open": 246.2,
      "netChange": 0.02501,
      "pctChange": 0.0102,
      "wk52_hi": 247.75,
      "wk52_lo": 197.75
    },
    "feeders": {
      "ticker": "GF=F",
      "close": 369.45001,
      "open": 370.67499,
      "netChange": -1.22498,
      "pctChange": -0.3305,
      "wk52_hi": 381.025,
      "wk52_lo": 273.1
    },
    "hogs": {
      "ticker": "HE=F",
      "close": 106.975,
      "open": 104.45,
      "netChange": 2.525,
      "pctChange": 2.4174,
      "wk52_hi": 113.7,
      "wk52_lo": 77.35
    },
    "milk": {
      "ticker": "DC=F",
      "close": 18.26,
      "open": 18.4,
      "netChange": -0.14,
      "pctChange": -0.7609,
      "wk52_hi": 18.89,
      "wk52_lo": 14.53
    },
    "meal": {
      "ticker": "ZM=F",
      "close": 317.60001,
      "open": 316.39999,
      "netChange": 1.20002,
      "pctChange": 0.3793,
      "wk52_hi": 335.5,
      "wk52_lo": 258.6
    },
    "soyoil": {
      "ticker": "ZL=F",
      "close": 68.87,
      "open": 68.76,
      "netChange": 0.11,
      "pctChange": 0.16,
      "wk52_hi": 69.68,
      "wk52_lo": 43.83
    },
    "crude": {
      "ticker": "CL=F",
      "close": 110.78,
      "open": 111.29,
      "netChange": -0.51,
      "pctChange": -0.4583,
      "wk52_hi": 119.48,
      "wk52_lo": 54.98
    },
    "natgas": {
      "ticker": "NG=F",
      "close": 2.803,
      "open": 2.821,
      "netChange": -0.018,
      "pctChange": -0.6381,
      "wk52_hi": 7.827,
      "wk52_lo": 2.622
    },
    "gold": {
      "ticker": "GC=F",
      "close": 4712.2998,
      "open": 4666.2998,
      "netChange": 46.0,
      "pctChange": 0.9858,
      "wk52_hi": 5586.2002,
      "wk52_lo": 2949.7
    },
    "silver": {
      "ticker": "SI=F",
      "close": 72.93,
      "open": 72.1,
      "netChange": 0.83,
      "pctChange": 1.1512,
      "wk52_hi": 121.3,
      "wk52_lo": 28.31
    },
    "dollar": {
      "ticker": "DX=F",
      "close": 100.0,
      "open": 99.873,
      "netChange": 0.127,
      "pctChange": 0.1272
    },
    "treasury10": {
      "ticker": "^TNX",
      "close": 4.325,
      "open": 4.313,
      "netChange": 0.012,
      "pctChange": 0.2782,
      "wk52_hi": 4.629,
      "wk52_lo": 3.947
    },
    "sp500": {
      "ticker": "^GSPC",
      "close": 6599.97021,
      "open": 6581.56006,
      "netChange": 18.41015,
      "pctChange": 0.2797,
      "wk52_hi": 7002.2798,
      "wk52_lo": 4835.04
    },
    "bitcoin": {
      "ticker": "BTC-USD",
      "close": 69328.92188,
      "open": 68982.17969,
      "netChange": 346.74219,
      "pctChange": 0.5027,
      "wk52_hi": 126198.0703,
      "wk52_lo": 60074.2031
    },
    "ripple": {
      "ticker": "XRP-USD",
      "close": 1.34519,
      "open": 1.32545,
      "netChange": 0.01974,
      "pctChange": 1.4893,
      "wk52_hi": 3.6502,
      "wk52_lo": 1.1335
    },
    "kaspa": {
      "ticker": "KAS-USD",
      "close": 0.03127,
      "open": 0.03146,
      "netChange": -0.00019,
      "pctChange": -0.6039,
      "wk52_hi": 0.1308,
      "wk52_lo": 0.0139
    }
  }
}