{
  "fetched": "2026-04-01T16:43:19Z",
  "ok": 21,
  "failed": 1,
  "quotes": {
    "corn": {
      "ticker": "ZC=F",
      "close": 452.0,
      "open": 458.5,
      "netChange": -6.5,
      "pctChange": -1.4177,
      "wk52_hi": 490.75,
      "wk52_lo": 368.75
    },
    "corn-dec": {
      "ticker": "ZCZ26.CBT",
      "close": 479.5,
      "open": 485.25,
      "netChange": -5.75,
      "pctChange": -1.185,
      "wk52_hi": 498.5,
      "wk52_lo": 440.75
    },
    "beans": {
      "ticker": "ZS=F",
      "close": 1164.75,
      "open": 1173.25,
      "netChange": -8.5,
      "pctChange": -0.7245,
      "wk52_hi": 1223.25,
      "wk52_lo": 960.75
    },
    "beans-nov": {
      "ticker": "ZSX26.CBT",
      "close": 1154.5,
      "open": 1158.5,
      "netChange": -4.0,
      "pctChange": -0.3453,
      "wk52_hi": 1174.25,
      "wk52_lo": 992.0
    },
    "wheat": {
      "ticker": "ZW=F",
      "close": 596.0,
      "open": 619.5,
      "netChange": -23.5,
      "pctChange": -3.7934,
      "wk52_hi": 635.0,
      "wk52_lo": 492.25
    },
    "oats": {
      "ticker": "ZO=F",
      "close": 342.75,
      "open": 350.25,
      "netChange": -7.5,
      "pctChange": -2.1413,
      "wk52_hi": 403.5,
      "wk52_lo": 272.0
    },
    "cattle": {
      "ticker": "LE=F",
      "close": 244.10001,
      "open": 243.3,
      "netChange": 0.80001,
      "pctChange": 0.3288,
      "wk52_hi": 247.75,
      "wk52_lo": 197.75
    },
    "feeders": {
      "ticker": "GF=F",
      "close": 368.89999,
      "open": 366.42499,
      "netChange": 2.475,
      "pctChange": 0.6754,
      "wk52_hi": 381.025,
      "wk52_lo": 273.1
    },
    "hogs": {
      "ticker": "HE=F",
      "close": 104.775,
      "open": 86.125,
      "netChange": 18.65,
      "pctChange": 21.6546,
      "wk52_hi": 113.7,
      "wk52_lo": 77.35
    },
    "milk": {
      "ticker": "DC=F",
      "close": 18.03,
      "open": 17.45,
      "netChange": 0.58,
      "pctChange": 3.3238,
      "wk52_hi": 18.89,
      "wk52_lo": 14.53
    },
    "meal": {
      "ticker": "ZM=F",
      "close": 316.60001,
      "open": 317.39999,
      "netChange": -0.79998,
      "pctChange": -0.252,
      "wk52_hi": 335.5,
      "wk52_lo": 258.6
    },
    "soyoil": {
      "ticker": "ZL=F",
      "close": 67.3,
      "open": 68.68,
      "netChange": -1.38,
      "pctChange": -2.0093,
      "wk52_hi": 69.68,
      "wk52_lo": 43.83
    },
    "crude": {
      "ticker": "CL=F",
      "close": 100.21,
      "open": 102.91,
      "netChange": -2.7,
      "pctChange": -2.6237,
      "wk52_hi": 119.48,
      "wk52_lo": 54.98
    },
    "natgas": {
      "ticker": "NG=F",
      "close": 2.829,
      "open": 2.885,
      "netChange": -0.056,
      "pctChange": -1.9411,
      "wk52_hi": 7.827,
      "wk52_lo": 2.622
    },
    "gold": {
      "ticker": "GC=F",
      "close": 4807.1001,
      "open": 4707.0,
      "netChange": 100.1001,
      "pctChange": 2.1266,
      "wk52_hi": 5586.2002,
      "wk52_lo": 2949.7
    },
    "silver": {
      "ticker": "SI=F",
      "close": 75.715,
      "open": 74.24,
      "netChange": 1.475,
      "pctChange": 1.9868,
      "wk52_hi": 121.3,
      "wk52_lo": 28.31
    },
    "dollar": {
      "ticker": "DX=F",
      "close": 100.0,
      "open": 99.873,
      "netChange": 0.127,
      "pctChange": 0.1272
    },
    "treasury10": {
      "ticker": "^TNX",
      "close": 4.303,
      "open": 4.311,
      "netChange": -0.008,
      "pctChange": -0.1856,
      "wk52_hi": 4.629,
      "wk52_lo": 3.886
    },
    "sp500": {
      "ticker": "^GSPC",
      "close": 6603.3501,
      "open": 6528.6499,
      "netChange": 74.7002,
      "pctChange": 1.1442,
      "wk52_hi": 7002.2798,
      "wk52_lo": 4835.04
    },
    "bitcoin": {
      "ticker": "BTC-USD",
      "close": 68902.29688,
      "open": 68211.07812,
      "netChange": 691.21876,
      "pctChange": 1.0134,
      "wk52_hi": 126198.0703,
      "wk52_lo": 60074.2031
    },
    "ripple": {
      "ticker": "XRP-USD",
      "close": 1.35884,
      "open": 1.34016,
      "netChange": 0.01868,
      "pctChange": 1.3939,
      "wk52_hi": 3.6502,
      "wk52_lo": 1.1335
    },
    "kaspa": {
      "ticker": "KAS-USD",
      "close": 0.03222,
      "open": 0.03264,
      "netChange": -0.00042,
      "pctChange": -1.2868,
      "wk52_hi": 0.1308,
      "wk52_lo": 0.0139
    }
  }
}