{
  "fetched": "2026-03-26T14:19:39Z",
  "ok": 21,
  "failed": 1,
  "quotes": {
    "corn": {
      "ticker": "ZC=F",
      "close": 464.25,
      "open": 467.5,
      "netChange": -3.25,
      "pctChange": -0.6952,
      "wk52_hi": 490.75,
      "wk52_lo": 368.75
    },
    "corn-dec": {
      "ticker": "ZCZ26.CBT",
      "close": 492.25,
      "open": 494.0,
      "netChange": -1.75,
      "pctChange": -0.3543,
      "wk52_hi": 498.5,
      "wk52_lo": 440.75
    },
    "beans": {
      "ticker": "ZS=F",
      "close": 1170.25,
      "open": 1175.0,
      "netChange": -4.75,
      "pctChange": -0.4043,
      "wk52_hi": 1223.25,
      "wk52_lo": 960.75
    },
    "beans-nov": {
      "ticker": "ZSX26.CBT",
      "close": 1149.75,
      "open": 1151.0,
      "netChange": -1.25,
      "pctChange": -0.1086,
      "wk52_hi": 1174.25,
      "wk52_lo": 992.0
    },
    "wheat": {
      "ticker": "ZW=F",
      "close": 597.75,
      "open": 599.5,
      "netChange": -1.75,
      "pctChange": -0.2919,
      "wk52_hi": 635.0,
      "wk52_lo": 492.25
    },
    "oats": {
      "ticker": "ZO=F",
      "close": 333.75,
      "open": 334.0,
      "netChange": -0.25,
      "pctChange": -0.0749,
      "wk52_hi": 403.5,
      "wk52_lo": 272.0
    },
    "cattle": {
      "ticker": "LE=F",
      "close": 229.35001,
      "open": 233.77499,
      "netChange": -4.42498,
      "pctChange": -1.8928,
      "wk52_hi": 247.75,
      "wk52_lo": 197.75
    },
    "feeders": {
      "ticker": "GF=F",
      "close": 337.39999,
      "open": 350.22501,
      "netChange": -12.82502,
      "pctChange": -3.6619,
      "wk52_hi": 381.025,
      "wk52_lo": 273.1
    },
    "hogs": {
      "ticker": "HE=F",
      "close": 85.525,
      "open": 104.15,
      "netChange": -18.625,
      "pctChange": -17.8829,
      "wk52_hi": 113.7,
      "wk52_lo": 77.35
    },
    "milk": {
      "ticker": "DC=F",
      "close": 18.04,
      "open": 17.8,
      "netChange": 0.24,
      "pctChange": 1.3483,
      "wk52_hi": 18.89,
      "wk52_lo": 14.53
    },
    "meal": {
      "ticker": "ZM=F",
      "close": 318.60001,
      "open": 320.39999,
      "netChange": -1.79998,
      "pctChange": -0.5618,
      "wk52_hi": 335.5,
      "wk52_lo": 258.6
    },
    "soyoil": {
      "ticker": "ZL=F",
      "close": 67.41,
      "open": 67.37,
      "netChange": 0.04,
      "pctChange": 0.0594,
      "wk52_hi": 69.24,
      "wk52_lo": 42.34
    },
    "crude": {
      "ticker": "CL=F",
      "close": 92.97,
      "open": 91.72,
      "netChange": 1.25,
      "pctChange": 1.3628,
      "wk52_hi": 119.48,
      "wk52_lo": 54.98
    },
    "natgas": {
      "ticker": "NG=F",
      "close": 2.92,
      "open": 2.924,
      "netChange": -0.004,
      "pctChange": -0.1368,
      "wk52_hi": 7.827,
      "wk52_lo": 2.622
    },
    "gold": {
      "ticker": "GC=F",
      "close": 4443.2998,
      "open": 4510.2002,
      "netChange": -66.9004,
      "pctChange": -1.4833,
      "wk52_hi": 5586.2002,
      "wk52_lo": 2949.7
    },
    "silver": {
      "ticker": "SI=F",
      "close": 69.125,
      "open": 71.82,
      "netChange": -2.695,
      "pctChange": -3.7524,
      "wk52_hi": 121.3,
      "wk52_lo": 28.31
    },
    "dollar": {
      "ticker": "DX=F",
      "close": 100.0,
      "open": 99.873,
      "netChange": 0.127,
      "pctChange": 0.1272
    },
    "treasury10": {
      "ticker": "^TNX",
      "close": 4.356,
      "open": 4.328,
      "netChange": 0.028,
      "pctChange": 0.647,
      "wk52_hi": 4.629,
      "wk52_lo": 3.886
    },
    "sp500": {
      "ticker": "^GSPC",
      "close": 6567.24023,
      "open": 6592.43994,
      "netChange": -25.19971,
      "pctChange": -0.3823,
      "wk52_hi": 7002.2798,
      "wk52_lo": 4835.04
    },
    "bitcoin": {
      "ticker": "BTC-USD",
      "close": 69626.78906,
      "open": 71317.35156,
      "netChange": -1690.5625,
      "pctChange": -2.3705,
      "wk52_hi": 126198.0703,
      "wk52_lo": 60074.2031
    },
    "ripple": {
      "ticker": "XRP-USD",
      "close": 1.37568,
      "open": 1.41427,
      "netChange": -0.03859,
      "pctChange": -2.7286,
      "wk52_hi": 3.6502,
      "wk52_lo": 1.1335
    },
    "kaspa": {
      "ticker": "KAS-USD",
      "close": 0.03678,
      "open": 0.03852,
      "netChange": -0.00174,
      "pctChange": -4.5171,
      "wk52_hi": 0.1308,
      "wk52_lo": 0.0139
    }
  }
}