{
  "fetched": "2026-04-08T15:55:03Z",
  "ok": 21,
  "failed": 1,
  "quotes": {
    "corn": {
      "ticker": "ZC=F",
      "close": 445.5,
      "open": 444.25,
      "netChange": 1.25,
      "pctChange": 0.2814,
      "wk52_hi": 490.75,
      "wk52_lo": 368.75
    },
    "corn-dec": {
      "ticker": "ZCZ26.CBT",
      "close": 473.75,
      "open": 472.0,
      "netChange": 1.75,
      "pctChange": 0.3708,
      "wk52_hi": 498.5,
      "wk52_lo": 440.75
    },
    "beans": {
      "ticker": "ZS=F",
      "close": 1159.25,
      "open": 1155.0,
      "netChange": 4.25,
      "pctChange": 0.368,
      "wk52_hi": 1223.25,
      "wk52_lo": 960.75
    },
    "beans-nov": {
      "ticker": "ZSX26.CBT",
      "close": 1149.75,
      "open": 1146.25,
      "netChange": 3.5,
      "pctChange": 0.3053,
      "wk52_hi": 1174.25,
      "wk52_lo": 992.0
    },
    "wheat": {
      "ticker": "ZW=F",
      "close": 581.25,
      "open": 580.75,
      "netChange": 0.5,
      "pctChange": 0.0861,
      "wk52_hi": 635.0,
      "wk52_lo": 492.25
    },
    "oats": {
      "ticker": "ZO=F",
      "close": 335.25,
      "open": 335.5,
      "netChange": -0.25,
      "pctChange": -0.0745,
      "wk52_hi": 403.5,
      "wk52_lo": 272.0
    },
    "cattle": {
      "ticker": "LE=F",
      "close": 246.0,
      "open": 245.55,
      "netChange": 0.45,
      "pctChange": 0.1833,
      "wk52_hi": 249.0,
      "wk52_lo": 197.75
    },
    "feeders": {
      "ticker": "GF=F",
      "close": 368.375,
      "open": 366.42499,
      "netChange": 1.95001,
      "pctChange": 0.5322,
      "wk52_hi": 381.025,
      "wk52_lo": 280.075
    },
    "hogs": {
      "ticker": "HE=F",
      "close": 105.65,
      "open": 107.075,
      "netChange": -1.425,
      "pctChange": -1.3308,
      "wk52_hi": 113.7,
      "wk52_lo": 77.35
    },
    "milk": {
      "ticker": "DC=F",
      "close": 17.26,
      "open": 17.4,
      "netChange": -0.14,
      "pctChange": -0.8046,
      "wk52_hi": 18.89,
      "wk52_lo": 14.53
    },
    "meal": {
      "ticker": "ZM=F",
      "close": 313.29999,
      "open": 313.70001,
      "netChange": -0.40002,
      "pctChange": -0.1275,
      "wk52_hi": 335.5,
      "wk52_lo": 258.6
    },
    "soyoil": {
      "ticker": "ZL=F",
      "close": 67.45,
      "open": 67.24,
      "netChange": 0.21,
      "pctChange": 0.3123,
      "wk52_hi": 70.49,
      "wk52_lo": 43.83
    },
    "crude": {
      "ticker": "CL=F",
      "close": 95.33,
      "open": 96.48,
      "netChange": -1.15,
      "pctChange": -1.192,
      "wk52_hi": 119.48,
      "wk52_lo": 54.98
    },
    "natgas": {
      "ticker": "NG=F",
      "close": 2.748,
      "open": 2.745,
      "netChange": 0.003,
      "pctChange": 0.1093,
      "wk52_hi": 7.827,
      "wk52_lo": 2.622
    },
    "gold": {
      "ticker": "GC=F",
      "close": 4781.2002,
      "open": 4828.2002,
      "netChange": -47.0,
      "pctChange": -0.9734,
      "wk52_hi": 5586.2002,
      "wk52_lo": 2965.8
    },
    "silver": {
      "ticker": "SI=F",
      "close": 75.55,
      "open": 76.455,
      "netChange": -0.905,
      "pctChange": -1.1837,
      "wk52_hi": 121.3,
      "wk52_lo": 29.255
    },
    "dollar": {
      "ticker": "DX=F",
      "close": 100.0,
      "open": 99.873,
      "netChange": 0.127,
      "pctChange": 0.1272
    },
    "treasury10": {
      "ticker": "^TNX",
      "close": 4.261,
      "open": 4.343,
      "netChange": -0.082,
      "pctChange": -1.8881,
      "wk52_hi": 4.629,
      "wk52_lo": 3.947
    },
    "sp500": {
      "ticker": "^GSPC",
      "close": 6773.52002,
      "open": 6617.91992,
      "netChange": 155.6001,
      "pctChange": 2.3512,
      "wk52_hi": 7002.2798,
      "wk52_lo": 4948.4302
    },
    "bitcoin": {
      "ticker": "BTC-USD",
      "close": 71255.00781,
      "open": 71926.75781,
      "netChange": -671.75,
      "pctChange": -0.9339,
      "wk52_hi": 126198.0703,
      "wk52_lo": 60074.2031
    },
    "ripple": {
      "ticker": "XRP-USD",
      "close": 1.35508,
      "open": 1.38145,
      "netChange": -0.02637,
      "pctChange": -1.9089,
      "wk52_hi": 3.6502,
      "wk52_lo": 1.1335
    },
    "kaspa": {
      "ticker": "KAS-USD",
      "close": 0.03261,
      "open": 0.03288,
      "netChange": -0.00027,
      "pctChange": -0.8212,
      "wk52_hi": 0.1308,
      "wk52_lo": 0.0139
    }
  }
}