{
  "fetched": "2026-03-27T14:04:02Z",
  "ok": 21,
  "failed": 1,
  "quotes": {
    "corn": {
      "ticker": "ZC=F",
      "close": 464.75,
      "open": 467.0,
      "netChange": -2.25,
      "pctChange": -0.4818,
      "wk52_hi": 490.75,
      "wk52_lo": 368.75
    },
    "corn-dec": {
      "ticker": "ZCZ26.CBT",
      "close": 492.75,
      "open": 494.5,
      "netChange": -1.75,
      "pctChange": -0.3539,
      "wk52_hi": 498.5,
      "wk52_lo": 440.75
    },
    "beans": {
      "ticker": "ZS=F",
      "close": 1172.25,
      "open": 1174.75,
      "netChange": -2.5,
      "pctChange": -0.2128,
      "wk52_hi": 1223.25,
      "wk52_lo": 960.75
    },
    "beans-nov": {
      "ticker": "ZSX26.CBT",
      "close": 1154.25,
      "open": 1153.25,
      "netChange": 1.0,
      "pctChange": 0.0867,
      "wk52_hi": 1174.25,
      "wk52_lo": 992.0
    },
    "wheat": {
      "ticker": "ZW=F",
      "close": 604.5,
      "open": 604.75,
      "netChange": -0.25,
      "pctChange": -0.0413,
      "wk52_hi": 635.0,
      "wk52_lo": 492.25
    },
    "oats": {
      "ticker": "ZO=F",
      "close": 343.0,
      "open": 340.25,
      "netChange": 2.75,
      "pctChange": 0.8082,
      "wk52_hi": 403.5,
      "wk52_lo": 272.0
    },
    "cattle": {
      "ticker": "LE=F",
      "close": 230.47501,
      "open": 234.825,
      "netChange": -4.34999,
      "pctChange": -1.8524,
      "wk52_hi": 247.75,
      "wk52_lo": 197.75
    },
    "feeders": {
      "ticker": "GF=F",
      "close": 340.42499,
      "open": 351.97501,
      "netChange": -11.55002,
      "pctChange": -3.2815,
      "wk52_hi": 381.025,
      "wk52_lo": 273.1
    },
    "hogs": {
      "ticker": "HE=F",
      "close": 86.225,
      "open": 104.325,
      "netChange": -18.1,
      "pctChange": -17.3496,
      "wk52_hi": 113.7,
      "wk52_lo": 77.35
    },
    "milk": {
      "ticker": "DC=F",
      "close": 16.14,
      "open": 17.95,
      "netChange": -1.81,
      "pctChange": -10.0836,
      "wk52_hi": 18.89,
      "wk52_lo": 14.53
    },
    "meal": {
      "ticker": "ZM=F",
      "close": 320.89999,
      "open": 322.0,
      "netChange": -1.10001,
      "pctChange": -0.3416,
      "wk52_hi": 335.5,
      "wk52_lo": 258.6
    },
    "soyoil": {
      "ticker": "ZL=F",
      "close": 68.7,
      "open": 68.1,
      "netChange": 0.6,
      "pctChange": 0.8811,
      "wk52_hi": 69.24,
      "wk52_lo": 43.83
    },
    "crude": {
      "ticker": "CL=F",
      "close": 97.51,
      "open": 93.46,
      "netChange": 4.05,
      "pctChange": 4.3334,
      "wk52_hi": 119.48,
      "wk52_lo": 54.98
    },
    "natgas": {
      "ticker": "NG=F",
      "close": 3.021,
      "open": 2.932,
      "netChange": 0.089,
      "pctChange": 3.0355,
      "wk52_hi": 7.827,
      "wk52_lo": 2.622
    },
    "gold": {
      "ticker": "GC=F",
      "close": 4458.0,
      "open": 4432.0,
      "netChange": 26.0,
      "pctChange": 0.5866,
      "wk52_hi": 5586.2002,
      "wk52_lo": 2949.7
    },
    "silver": {
      "ticker": "SI=F",
      "close": 68.225,
      "open": 69.395,
      "netChange": -1.17,
      "pctChange": -1.686,
      "wk52_hi": 121.3,
      "wk52_lo": 28.31
    },
    "dollar": {
      "ticker": "DX=F",
      "close": 100.0,
      "open": 99.873,
      "netChange": 0.127,
      "pctChange": 0.1272
    },
    "treasury10": {
      "ticker": "^TNX",
      "close": 4.452,
      "open": 4.416,
      "netChange": 0.036,
      "pctChange": 0.8152,
      "wk52_hi": 4.629,
      "wk52_lo": 3.886
    },
    "sp500": {
      "ticker": "^GSPC",
      "close": 6416.3999,
      "open": 6477.10986,
      "netChange": -60.70996,
      "pctChange": -0.9373,
      "wk52_hi": 7002.2798,
      "wk52_lo": 4835.04
    },
    "bitcoin": {
      "ticker": "BTC-USD",
      "close": 66170.74219,
      "open": 68772.9375,
      "netChange": -2602.19531,
      "pctChange": -3.7837,
      "wk52_hi": 126198.0703,
      "wk52_lo": 60074.2031
    },
    "ripple": {
      "ticker": "XRP-USD",
      "close": 1.33929,
      "open": 1.36004,
      "netChange": -0.02075,
      "pctChange": -1.5257,
      "wk52_hi": 3.6502,
      "wk52_lo": 1.1335
    },
    "kaspa": {
      "ticker": "KAS-USD",
      "close": 0.03426,
      "open": 0.03603,
      "netChange": -0.00177,
      "pctChange": -4.9126,
      "wk52_hi": 0.1308,
      "wk52_lo": 0.0139
    }
  }
}