{
  "fetched": "2026-04-16T09:26:35Z",
  "ok": 21,
  "failed": 1,
  "quotes": {
    "corn": {
      "ticker": "ZC=F",
      "close": 450.25,
      "open": 451.5,
      "netChange": -1.25,
      "pctChange": -0.2769,
      "wk52_hi": 487.25,
      "wk52_lo": 368.75
    },
    "corn-dec": {
      "ticker": "ZCZ26.CBT",
      "close": 478.25,
      "open": 479.0,
      "netChange": -0.75,
      "pctChange": -0.1566,
      "wk52_hi": 498.5,
      "wk52_lo": 440.75
    },
    "beans": {
      "ticker": "ZS=F",
      "close": 1182.0,
      "open": 1166.75,
      "netChange": 15.25,
      "pctChange": 1.307,
      "wk52_hi": 1223.25,
      "wk52_lo": 960.75
    },
    "beans-nov": {
      "ticker": "ZSX26.CBT",
      "close": 1154.0,
      "open": 1155.0,
      "netChange": -1.0,
      "pctChange": -0.0866,
      "wk52_hi": 1174.25,
      "wk52_lo": 1023.25
    },
    "wheat": {
      "ticker": "ZW=F",
      "close": 607.5,
      "open": 602.25,
      "netChange": 5.25,
      "pctChange": 0.8717,
      "wk52_hi": 635.0,
      "wk52_lo": 492.25
    },
    "oats": {
      "ticker": "ZO=F",
      "close": 342.5,
      "open": 347.25,
      "netChange": -4.75,
      "pctChange": -1.3679,
      "wk52_hi": 403.5,
      "wk52_lo": 272.0
    },
    "cattle": {
      "ticker": "LE=F",
      "close": 251.225,
      "open": 251.35001,
      "netChange": -0.12501,
      "pctChange": -0.0497,
      "wk52_hi": 253.6,
      "wk52_lo": 204.55
    },
    "feeders": {
      "ticker": "GF=F",
      "close": 372.075,
      "open": 375.42499,
      "netChange": -3.34999,
      "pctChange": -0.8923,
      "wk52_hi": 381.025,
      "wk52_lo": 285.1
    },
    "hogs": {
      "ticker": "HE=F",
      "close": 101.825,
      "open": 102.475,
      "netChange": -0.65,
      "pctChange": -0.6343,
      "wk52_hi": 113.7,
      "wk52_lo": 77.35
    },
    "milk": {
      "ticker": "DC=F",
      "close": 17.32,
      "open": 18.28,
      "netChange": -0.96,
      "pctChange": -5.2516,
      "wk52_hi": 18.89,
      "wk52_lo": 14.53
    },
    "meal": {
      "ticker": "ZM=F",
      "close": 329.5,
      "open": 329.79999,
      "netChange": -0.29999,
      "pctChange": -0.091,
      "wk52_hi": 339.6,
      "wk52_lo": 258.6
    },
    "soyoil": {
      "ticker": "ZL=F",
      "close": 67.82,
      "open": 67.63,
      "netChange": 0.19,
      "pctChange": 0.2809,
      "wk52_hi": 70.49,
      "wk52_lo": 45.74
    },
    "crude": {
      "ticker": "CL=F",
      "close": 89.08,
      "open": 91.73,
      "netChange": -2.65,
      "pctChange": -2.8889,
      "wk52_hi": 119.48,
      "wk52_lo": 54.98
    },
    "natgas": {
      "ticker": "NG=F",
      "close": 2.617,
      "open": 2.593,
      "netChange": 0.024,
      "pctChange": 0.9256,
      "wk52_hi": 7.827,
      "wk52_lo": 2.561
    },
    "gold": {
      "ticker": "GC=F",
      "close": 4837.5,
      "open": 4847.7002,
      "netChange": -10.2002,
      "pctChange": -0.2104,
      "wk52_hi": 5586.2002,
      "wk52_lo": 3125.0
    },
    "silver": {
      "ticker": "SI=F",
      "close": 79.845,
      "open": 80.61,
      "netChange": -0.765,
      "pctChange": -0.949,
      "wk52_hi": 121.3,
      "wk52_lo": 31.685
    },
    "dollar": {
      "ticker": "DX=F",
      "close": 100.0,
      "open": 99.873,
      "netChange": 0.127,
      "pctChange": 0.1272
    },
    "treasury10": {
      "ticker": "^TNX",
      "close": 4.282,
      "open": 4.256,
      "netChange": 0.026,
      "pctChange": 0.6109,
      "wk52_hi": 4.629,
      "wk52_lo": 3.947
    },
    "sp500": {
      "ticker": "^GSPC",
      "close": 7022.9502,
      "open": 6967.38,
      "netChange": 55.5702,
      "pctChange": 0.7976,
      "wk52_hi": 7026.2402,
      "wk52_lo": 5101.6299
    },
    "bitcoin": {
      "ticker": "BTC-USD",
      "close": 74903.84375,
      "open": 74827.02344,
      "netChange": 76.82031,
      "pctChange": 0.1027,
      "wk52_hi": 126198.0703,
      "wk52_lo": 60074.2031
    },
    "ripple": {
      "ticker": "XRP-USD",
      "close": 1.4187,
      "open": 1.3918,
      "netChange": 0.0269,
      "pctChange": 1.9327,
      "wk52_hi": 3.6502,
      "wk52_lo": 1.1335
    },
    "kaspa": {
      "ticker": "KAS-USD",
      "close": 0.03333,
      "open": 0.03313,
      "netChange": 0.0002,
      "pctChange": 0.6037,
      "wk52_hi": 0.1308,
      "wk52_lo": 0.0139
    }
  }
}