{
  "fetched": "2026-04-02T14:15:54Z",
  "ok": 21,
  "failed": 1,
  "quotes": {
    "corn": {
      "ticker": "ZC=F",
      "close": 456.0,
      "open": 457.0,
      "netChange": -1.0,
      "pctChange": -0.2188,
      "wk52_hi": 490.75,
      "wk52_lo": 368.75
    },
    "corn-dec": {
      "ticker": "ZCZ26.CBT",
      "close": 483.75,
      "open": 483.5,
      "netChange": 0.25,
      "pctChange": 0.0517,
      "wk52_hi": 498.5,
      "wk52_lo": 440.75
    },
    "beans": {
      "ticker": "ZS=F",
      "close": 1170.5,
      "open": 1172.0,
      "netChange": -1.5,
      "pctChange": -0.128,
      "wk52_hi": 1223.25,
      "wk52_lo": 960.75
    },
    "beans-nov": {
      "ticker": "ZSX26.CBT",
      "close": 1160.0,
      "open": 1158.0,
      "netChange": 2.0,
      "pctChange": 0.1727,
      "wk52_hi": 1174.25,
      "wk52_lo": 992.0
    },
    "wheat": {
      "ticker": "ZW=F",
      "close": 600.0,
      "open": 604.25,
      "netChange": -4.25,
      "pctChange": -0.7034,
      "wk52_hi": 635.0,
      "wk52_lo": 492.25
    },
    "oats": {
      "ticker": "ZO=F",
      "close": 343.5,
      "open": 350.0,
      "netChange": -6.5,
      "pctChange": -1.8571,
      "wk52_hi": 403.5,
      "wk52_lo": 272.0
    },
    "cattle": {
      "ticker": "LE=F",
      "close": 235.2,
      "open": 244.22501,
      "netChange": -9.02501,
      "pctChange": -3.6954,
      "wk52_hi": 247.75,
      "wk52_lo": 197.75
    },
    "feeders": {
      "ticker": "GF=F",
      "close": 350.20001,
      "open": 368.125,
      "netChange": -17.92499,
      "pctChange": -4.8693,
      "wk52_hi": 381.025,
      "wk52_lo": 273.1
    },
    "hogs": {
      "ticker": "HE=F",
      "close": 85.975,
      "open": 105.2,
      "netChange": -19.225,
      "pctChange": -18.2747,
      "wk52_hi": 113.7,
      "wk52_lo": 77.35
    },
    "milk": {
      "ticker": "DC=F",
      "close": 17.93,
      "open": 17.92,
      "netChange": 0.01,
      "pctChange": 0.0558,
      "wk52_hi": 18.89,
      "wk52_lo": 14.53
    },
    "meal": {
      "ticker": "ZM=F",
      "close": 314.89999,
      "open": 316.60001,
      "netChange": -1.70002,
      "pctChange": -0.537,
      "wk52_hi": 335.5,
      "wk52_lo": 258.6
    },
    "soyoil": {
      "ticker": "ZL=F",
      "close": 68.85,
      "open": 67.91,
      "netChange": 0.94,
      "pctChange": 1.3842,
      "wk52_hi": 69.68,
      "wk52_lo": 43.83
    },
    "crude": {
      "ticker": "CL=F",
      "close": 111.41,
      "open": 104.72,
      "netChange": 6.69,
      "pctChange": 6.3885,
      "wk52_hi": 119.48,
      "wk52_lo": 54.98
    },
    "natgas": {
      "ticker": "NG=F",
      "close": 2.793,
      "open": 2.864,
      "netChange": -0.071,
      "pctChange": -2.4791,
      "wk52_hi": 7.827,
      "wk52_lo": 2.622
    },
    "gold": {
      "ticker": "GC=F",
      "close": 4670.1001,
      "open": 4707.1001,
      "netChange": -37.0,
      "pctChange": -0.786,
      "wk52_hi": 5586.2002,
      "wk52_lo": 2949.7
    },
    "silver": {
      "ticker": "SI=F",
      "close": 71.425,
      "open": 72.3,
      "netChange": -0.875,
      "pctChange": -1.2102,
      "wk52_hi": 121.3,
      "wk52_lo": 28.31
    },
    "dollar": {
      "ticker": "DX=F",
      "close": 100.0,
      "open": 99.873,
      "netChange": 0.127,
      "pctChange": 0.1272
    },
    "treasury10": {
      "ticker": "^TNX",
      "close": 4.317,
      "open": 4.319,
      "netChange": -0.002,
      "pctChange": -0.0463,
      "wk52_hi": 4.629,
      "wk52_lo": 3.886
    },
    "sp500": {
      "ticker": "^GSPC",
      "close": 6523.25,
      "open": 6575.08008,
      "netChange": -51.83008,
      "pctChange": -0.7883,
      "wk52_hi": 7002.2798,
      "wk52_lo": 4835.04
    },
    "bitcoin": {
      "ticker": "BTC-USD",
      "close": 66395.07031,
      "open": 68071.5625,
      "netChange": -1676.49219,
      "pctChange": -2.4628,
      "wk52_hi": 126198.0703,
      "wk52_lo": 60074.2031
    },
    "ripple": {
      "ticker": "XRP-USD",
      "close": 1.28706,
      "open": 1.34782,
      "netChange": -0.06076,
      "pctChange": -4.508,
      "wk52_hi": 3.6502,
      "wk52_lo": 1.1335
    },
    "kaspa": {
      "ticker": "KAS-USD",
      "close": 0.03103,
      "open": 0.03209,
      "netChange": -0.00106,
      "pctChange": -3.3032,
      "wk52_hi": 0.1308,
      "wk52_lo": 0.0139
    }
  }
}