{
  "fetched": "2026-03-31T16:47:21Z",
  "ok": 21,
  "failed": 1,
  "quotes": {
    "corn": {
      "ticker": "ZC=F",
      "close": 458.5,
      "open": 456.0,
      "netChange": 2.5,
      "pctChange": 0.5482,
      "wk52_hi": 490.75,
      "wk52_lo": 368.75
    },
    "corn-dec": {
      "ticker": "ZCZ26.CBT",
      "close": 485.25,
      "open": 483.25,
      "netChange": 2.0,
      "pctChange": 0.4139,
      "wk52_hi": 498.5,
      "wk52_lo": 440.75
    },
    "beans": {
      "ticker": "ZS=F",
      "close": 1172.0,
      "open": 1159.75,
      "netChange": 12.25,
      "pctChange": 1.0563,
      "wk52_hi": 1223.25,
      "wk52_lo": 960.75
    },
    "beans-nov": {
      "ticker": "ZSX26.CBT",
      "close": 1159.0,
      "open": 1143.0,
      "netChange": 16.0,
      "pctChange": 1.3998,
      "wk52_hi": 1174.25,
      "wk52_lo": 992.0
    },
    "wheat": {
      "ticker": "ZW=F",
      "close": 622.0,
      "open": 610.0,
      "netChange": 12.0,
      "pctChange": 1.9672,
      "wk52_hi": 635.0,
      "wk52_lo": 492.25
    },
    "oats": {
      "ticker": "ZO=F",
      "close": 357.0,
      "open": 347.5,
      "netChange": 9.5,
      "pctChange": 2.7338,
      "wk52_hi": 403.5,
      "wk52_lo": 272.0
    },
    "cattle": {
      "ticker": "LE=F",
      "close": 241.425,
      "open": 240.39999,
      "netChange": 1.02501,
      "pctChange": 0.4264,
      "wk52_hi": 247.75,
      "wk52_lo": 197.75
    },
    "feeders": {
      "ticker": "GF=F",
      "close": 364.70001,
      "open": 361.85001,
      "netChange": 2.85,
      "pctChange": 0.7876,
      "wk52_hi": 381.025,
      "wk52_lo": 273.1
    },
    "hogs": {
      "ticker": "HE=F",
      "close": 104.975,
      "open": 105.925,
      "netChange": -0.95,
      "pctChange": -0.8969,
      "wk52_hi": 113.7,
      "wk52_lo": 77.35
    },
    "milk": {
      "ticker": "DC=F",
      "close": 17.42,
      "open": 17.36,
      "netChange": 0.06,
      "pctChange": 0.3456,
      "wk52_hi": 18.89,
      "wk52_lo": 14.53
    },
    "meal": {
      "ticker": "ZM=F",
      "close": 316.79999,
      "open": 314.79999,
      "netChange": 2.0,
      "pctChange": 0.6353,
      "wk52_hi": 335.5,
      "wk52_lo": 258.6
    },
    "soyoil": {
      "ticker": "ZL=F",
      "close": 69.18,
      "open": 68.24,
      "netChange": 0.94,
      "pctChange": 1.3775,
      "wk52_hi": 69.68,
      "wk52_lo": 43.83
    },
    "crude": {
      "ticker": "CL=F",
      "close": 104.82,
      "open": 103.0,
      "netChange": 1.82,
      "pctChange": 1.767,
      "wk52_hi": 119.48,
      "wk52_lo": 54.98
    },
    "natgas": {
      "ticker": "NG=F",
      "close": 2.932,
      "open": 2.838,
      "netChange": 0.094,
      "pctChange": 3.3122,
      "wk52_hi": 7.827,
      "wk52_lo": 2.622
    },
    "gold": {
      "ticker": "GC=F",
      "close": 4648.3999,
      "open": 4584.8999,
      "netChange": 63.5,
      "pctChange": 1.385,
      "wk52_hi": 5586.2002,
      "wk52_lo": 2949.7
    },
    "silver": {
      "ticker": "SI=F",
      "close": 74.185,
      "open": 72.18,
      "netChange": 2.005,
      "pctChange": 2.7778,
      "wk52_hi": 121.3,
      "wk52_lo": 28.31
    },
    "dollar": {
      "ticker": "DX=F",
      "close": 100.0,
      "open": 99.873,
      "netChange": 0.127,
      "pctChange": 0.1272
    },
    "treasury10": {
      "ticker": "^TNX",
      "close": 4.324,
      "open": 4.342,
      "netChange": -0.018,
      "pctChange": -0.4146,
      "wk52_hi": 4.629,
      "wk52_lo": 3.886
    },
    "sp500": {
      "ticker": "^GSPC",
      "close": 6484.27002,
      "open": 6343.75,
      "netChange": 140.52002,
      "pctChange": 2.2151,
      "wk52_hi": 7002.2798,
      "wk52_lo": 4835.04
    },
    "bitcoin": {
      "ticker": "BTC-USD",
      "close": 67853.54688,
      "open": 66691.91406,
      "netChange": 1161.63282,
      "pctChange": 1.7418,
      "wk52_hi": 126198.0703,
      "wk52_lo": 60074.2031
    },
    "ripple": {
      "ticker": "XRP-USD",
      "close": 1.33343,
      "open": 1.32258,
      "netChange": 0.01085,
      "pctChange": 0.8204,
      "wk52_hi": 3.6502,
      "wk52_lo": 1.1335
    },
    "kaspa": {
      "ticker": "KAS-USD",
      "close": 0.03192,
      "open": 0.03189,
      "netChange": 3e-05,
      "pctChange": 0.0941,
      "wk52_hi": 0.1308,
      "wk52_lo": 0.0139
    }
  }
}