{
  "fetched": "2026-04-20T16:05:01Z",
  "ok": 21,
  "failed": 1,
  "quotes": {
    "corn": {
      "ticker": "ZC=F",
      "close": 460.5,
      "open": 450.25,
      "netChange": 10.25,
      "pctChange": 2.2765,
      "wk52_hi": 487.25,
      "wk52_lo": 368.75
    },
    "corn-dec": {
      "ticker": "ZCZ26.CBT",
      "close": 479.75,
      "open": 479.0,
      "netChange": 0.75,
      "pctChange": 0.1566,
      "wk52_hi": 498.5,
      "wk52_lo": 440.75
    },
    "beans": {
      "ticker": "ZS=F",
      "close": 1182.5,
      "open": 1182.0,
      "netChange": 0.5,
      "pctChange": 0.0423,
      "wk52_hi": 1223.25,
      "wk52_lo": 960.75
    },
    "beans-nov": {
      "ticker": "ZSX26.CBT",
      "close": 1158.25,
      "open": 1156.5,
      "netChange": 1.75,
      "pctChange": 0.1513,
      "wk52_hi": 1174.25,
      "wk52_lo": 1023.25
    },
    "wheat": {
      "ticker": "ZW=F",
      "close": 608.25,
      "open": 607.25,
      "netChange": 1.0,
      "pctChange": 0.1647,
      "wk52_hi": 635.0,
      "wk52_lo": 492.25
    },
    "oats": {
      "ticker": "ZO=F",
      "close": 337.5,
      "open": 332.25,
      "netChange": 5.25,
      "pctChange": 1.5801,
      "wk52_hi": 403.5,
      "wk52_lo": 272.0
    },
    "cattle": {
      "ticker": "LE=F",
      "close": 247.575,
      "open": 247.14999,
      "netChange": 0.42501,
      "pctChange": 0.172,
      "wk52_hi": 253.6,
      "wk52_lo": 204.55
    },
    "feeders": {
      "ticker": "GF=F",
      "close": 366.25,
      "open": 365.27499,
      "netChange": 0.97501,
      "pctChange": 0.2669,
      "wk52_hi": 381.025,
      "wk52_lo": 285.1
    },
    "hogs": {
      "ticker": "HE=F",
      "close": 101.7,
      "open": 101.05,
      "netChange": 0.65,
      "pctChange": 0.6432,
      "wk52_hi": 113.7,
      "wk52_lo": 77.35
    },
    "milk": {
      "ticker": "DC=F",
      "close": 17.1,
      "open": 17.0,
      "netChange": 0.1,
      "pctChange": 0.5882,
      "wk52_hi": 18.89,
      "wk52_lo": 14.53
    },
    "meal": {
      "ticker": "ZM=F",
      "close": 322.89999,
      "open": 324.60001,
      "netChange": -1.70002,
      "pctChange": -0.5237,
      "wk52_hi": 339.6,
      "wk52_lo": 258.6
    },
    "soyoil": {
      "ticker": "ZL=F",
      "close": 69.02,
      "open": 68.36,
      "netChange": 0.66,
      "pctChange": 0.9655,
      "wk52_hi": 70.49,
      "wk52_lo": 45.74
    },
    "crude": {
      "ticker": "CL=F",
      "close": 87.45,
      "open": 82.59,
      "netChange": 4.86,
      "pctChange": 5.8845,
      "wk52_hi": 119.48,
      "wk52_lo": 54.98
    },
    "natgas": {
      "ticker": "NG=F",
      "close": 2.718,
      "open": 2.674,
      "netChange": 0.044,
      "pctChange": 1.6455,
      "wk52_hi": 7.827,
      "wk52_lo": 2.561
    },
    "gold": {
      "ticker": "GC=F",
      "close": 4816.3999,
      "open": 4813.2998,
      "netChange": 3.1001,
      "pctChange": 0.0644,
      "wk52_hi": 5586.2002,
      "wk52_lo": 3125.0
    },
    "silver": {
      "ticker": "SI=F",
      "close": 79.775,
      "open": 80.31,
      "netChange": -0.535,
      "pctChange": -0.6662,
      "wk52_hi": 121.3,
      "wk52_lo": 31.685
    },
    "dollar": {
      "ticker": "DX=F",
      "close": 100.0,
      "open": 99.873,
      "netChange": 0.127,
      "pctChange": 0.1272
    },
    "treasury10": {
      "ticker": "^TNX",
      "close": 4.26,
      "open": 4.246,
      "netChange": 0.014,
      "pctChange": 0.3297,
      "wk52_hi": 4.629,
      "wk52_lo": 3.947
    },
    "sp500": {
      "ticker": "^GSPC",
      "close": 7095.3501,
      "open": 7125.12012,
      "netChange": -29.77002,
      "pctChange": -0.4178,
      "wk52_hi": 7147.52,
      "wk52_lo": 5101.6299
    },
    "bitcoin": {
      "ticker": "BTC-USD",
      "close": 75571.07031,
      "open": 73859.82031,
      "netChange": 1711.25,
      "pctChange": 2.3169,
      "wk52_hi": 126198.0703,
      "wk52_lo": 60074.2031
    },
    "ripple": {
      "ticker": "XRP-USD",
      "close": 1.4301,
      "open": 1.3945,
      "netChange": 0.0356,
      "pctChange": 2.5529,
      "wk52_hi": 3.6502,
      "wk52_lo": 1.1335
    },
    "kaspa": {
      "ticker": "KAS-USD",
      "close": 0.03467,
      "open": 0.03419,
      "netChange": 0.00048,
      "pctChange": 1.4039,
      "wk52_hi": 0.1308,
      "wk52_lo": 0.0139
    }
  }
}