{
  "fetched": "2026-03-31T19:46:56Z",
  "ok": 21,
  "failed": 1,
  "quotes": {
    "corn": {
      "ticker": "ZC=F",
      "close": 458.5,
      "open": 456.0,
      "netChange": 2.5,
      "pctChange": 0.5482,
      "wk52_hi": 490.75,
      "wk52_lo": 368.75
    },
    "corn-dec": {
      "ticker": "ZCZ26.CBT",
      "close": 485.0,
      "open": 483.25,
      "netChange": 1.75,
      "pctChange": 0.3621,
      "wk52_hi": 498.5,
      "wk52_lo": 440.75
    },
    "beans": {
      "ticker": "ZS=F",
      "close": 1172.25,
      "open": 1159.75,
      "netChange": 12.5,
      "pctChange": 1.0778,
      "wk52_hi": 1223.25,
      "wk52_lo": 960.75
    },
    "beans-nov": {
      "ticker": "ZSX26.CBT",
      "close": 1157.75,
      "open": 1143.0,
      "netChange": 14.75,
      "pctChange": 1.2905,
      "wk52_hi": 1174.25,
      "wk52_lo": 992.0
    },
    "wheat": {
      "ticker": "ZW=F",
      "close": 618.25,
      "open": 610.0,
      "netChange": 8.25,
      "pctChange": 1.3525,
      "wk52_hi": 635.0,
      "wk52_lo": 492.25
    },
    "oats": {
      "ticker": "ZO=F",
      "close": 352.75,
      "open": 347.5,
      "netChange": 5.25,
      "pctChange": 1.5108,
      "wk52_hi": 403.5,
      "wk52_lo": 272.0
    },
    "cattle": {
      "ticker": "LE=F",
      "close": 243.3,
      "open": 233.60001,
      "netChange": 9.69999,
      "pctChange": 4.1524,
      "wk52_hi": 247.75,
      "wk52_lo": 197.75
    },
    "feeders": {
      "ticker": "GF=F",
      "close": 366.42499,
      "open": 361.85001,
      "netChange": 4.57498,
      "pctChange": 1.2643,
      "wk52_hi": 381.025,
      "wk52_lo": 273.1
    },
    "hogs": {
      "ticker": "HE=F",
      "close": 104.85,
      "open": 105.925,
      "netChange": -1.075,
      "pctChange": -1.0149,
      "wk52_hi": 113.7,
      "wk52_lo": 77.35
    },
    "milk": {
      "ticker": "DC=F",
      "close": 17.38,
      "open": 17.36,
      "netChange": 0.02,
      "pctChange": 0.1152,
      "wk52_hi": 18.89,
      "wk52_lo": 14.53
    },
    "meal": {
      "ticker": "ZM=F",
      "close": 316.39999,
      "open": 314.79999,
      "netChange": 1.6,
      "pctChange": 0.5083,
      "wk52_hi": 335.5,
      "wk52_lo": 258.6
    },
    "soyoil": {
      "ticker": "ZL=F",
      "close": 68.97,
      "open": 68.24,
      "netChange": 0.73,
      "pctChange": 1.0698,
      "wk52_hi": 69.68,
      "wk52_lo": 43.83
    },
    "crude": {
      "ticker": "CL=F",
      "close": 102.1,
      "open": 103.0,
      "netChange": -0.9,
      "pctChange": -0.8738,
      "wk52_hi": 119.48,
      "wk52_lo": 54.98
    },
    "natgas": {
      "ticker": "NG=F",
      "close": 2.894,
      "open": 2.838,
      "netChange": 0.056,
      "pctChange": 1.9732,
      "wk52_hi": 7.827,
      "wk52_lo": 2.622
    },
    "gold": {
      "ticker": "GC=F",
      "close": 4709.7002,
      "open": 4584.8999,
      "netChange": 124.8003,
      "pctChange": 2.722,
      "wk52_hi": 5586.2002,
      "wk52_lo": 2949.7
    },
    "silver": {
      "ticker": "SI=F",
      "close": 75.41,
      "open": 72.18,
      "netChange": 3.23,
      "pctChange": 4.4749,
      "wk52_hi": 121.3,
      "wk52_lo": 28.31
    },
    "dollar": {
      "ticker": "DX=F",
      "close": 100.0,
      "open": 99.873,
      "netChange": 0.127,
      "pctChange": 0.1272
    },
    "treasury10": {
      "ticker": "^TNX",
      "close": 4.311,
      "open": 4.342,
      "netChange": -0.031,
      "pctChange": -0.714,
      "wk52_hi": 4.629,
      "wk52_lo": 3.886
    },
    "sp500": {
      "ticker": "^GSPC",
      "close": 6530.7998,
      "open": 6343.75,
      "netChange": 187.0498,
      "pctChange": 2.9486,
      "wk52_hi": 7002.2798,
      "wk52_lo": 4835.04
    },
    "bitcoin": {
      "ticker": "BTC-USD",
      "close": 67726.33594,
      "open": 66691.91406,
      "netChange": 1034.42188,
      "pctChange": 1.551,
      "wk52_hi": 126198.0703,
      "wk52_lo": 60074.2031
    },
    "ripple": {
      "ticker": "XRP-USD",
      "close": 1.34189,
      "open": 1.32258,
      "netChange": 0.01931,
      "pctChange": 1.46,
      "wk52_hi": 3.6502,
      "wk52_lo": 1.1335
    },
    "kaspa": {
      "ticker": "KAS-USD",
      "close": 0.03266,
      "open": 0.03189,
      "netChange": 0.00077,
      "pctChange": 2.4146,
      "wk52_hi": 0.1308,
      "wk52_lo": 0.0139
    }
  }
}