{
  "fetched": "2026-04-22T03:35:01Z",
  "ok": 21,
  "failed": 1,
  "quotes": {
    "corn": {
      "ticker": "ZC=F",
      "close": 463.75,
      "open": 459.25,
      "netChange": 4.5,
      "pctChange": 0.9799,
      "wk52_hi": 483.0,
      "wk52_lo": 368.75
    },
    "corn-dec": {
      "ticker": "ZCZ26.CBT",
      "close": 483.25,
      "open": 478.5,
      "netChange": 4.75,
      "pctChange": 0.9927,
      "wk52_hi": 498.5,
      "wk52_lo": 440.75
    },
    "beans": {
      "ticker": "ZS=F",
      "close": 1199.5,
      "open": 1184.5,
      "netChange": 15.0,
      "pctChange": 1.2664,
      "wk52_hi": 1223.25,
      "wk52_lo": 960.75
    },
    "beans-nov": {
      "ticker": "ZSX26.CBT",
      "close": 1172.25,
      "open": 1159.0,
      "netChange": 13.25,
      "pctChange": 1.1432,
      "wk52_hi": 1174.25,
      "wk52_lo": 1023.25
    },
    "wheat": {
      "ticker": "ZW=F",
      "close": 612.0,
      "open": 607.75,
      "netChange": 4.25,
      "pctChange": 0.6993,
      "wk52_hi": 635.0,
      "wk52_lo": 492.25
    },
    "oats": {
      "ticker": "ZO=F",
      "close": 338.75,
      "open": 338.5,
      "netChange": 0.25,
      "pctChange": 0.0739,
      "wk52_hi": 403.5,
      "wk52_lo": 272.0
    },
    "cattle": {
      "ticker": "LE=F",
      "close": 243.5,
      "open": 246.075,
      "netChange": -2.575,
      "pctChange": -1.0464,
      "wk52_hi": 253.6,
      "wk52_lo": 204.55
    },
    "feeders": {
      "ticker": "GF=F",
      "close": 359.02499,
      "open": 361.35001,
      "netChange": -2.32502,
      "pctChange": -0.6434,
      "wk52_hi": 381.025,
      "wk52_lo": 286.05
    },
    "hogs": {
      "ticker": "HE=F",
      "close": 103.05,
      "open": 101.725,
      "netChange": 1.325,
      "pctChange": 1.3025,
      "wk52_hi": 113.7,
      "wk52_lo": 77.35
    },
    "milk": {
      "ticker": "DC=F",
      "close": 17.99,
      "open": 17.11,
      "netChange": 0.88,
      "pctChange": 5.1432,
      "wk52_hi": 18.89,
      "wk52_lo": 14.53
    },
    "meal": {
      "ticker": "ZM=F",
      "close": 322.20001,
      "open": 320.79999,
      "netChange": 1.40002,
      "pctChange": 0.4364,
      "wk52_hi": 339.6,
      "wk52_lo": 258.6
    },
    "soyoil": {
      "ticker": "ZL=F",
      "close": 71.89,
      "open": 69.56,
      "netChange": 2.33,
      "pctChange": 3.3496,
      "wk52_hi": 70.49,
      "wk52_lo": 45.74
    },
    "crude": {
      "ticker": "CL=F",
      "close": 89.42,
      "open": 86.68,
      "netChange": 2.74,
      "pctChange": 3.1611,
      "wk52_hi": 119.48,
      "wk52_lo": 54.98
    },
    "natgas": {
      "ticker": "NG=F",
      "close": 2.718,
      "open": 2.66,
      "netChange": 0.058,
      "pctChange": 2.1805,
      "wk52_hi": 7.827,
      "wk52_lo": 2.561
    },
    "gold": {
      "ticker": "GC=F",
      "close": 4777.0,
      "open": 4816.2998,
      "netChange": -39.2998,
      "pctChange": -0.816,
      "wk52_hi": 5586.2002,
      "wk52_lo": 3125.0
    },
    "silver": {
      "ticker": "SI=F",
      "close": 78.11,
      "open": 78.955,
      "netChange": -0.845,
      "pctChange": -1.0702,
      "wk52_hi": 121.3,
      "wk52_lo": 31.685
    },
    "dollar": {
      "ticker": "DX=F",
      "close": 100.0,
      "open": 99.873,
      "netChange": 0.127,
      "pctChange": 0.1272
    },
    "treasury10": {
      "ticker": "^TNX",
      "close": 4.292,
      "open": 4.25,
      "netChange": 0.042,
      "pctChange": 0.9882,
      "wk52_hi": 4.629,
      "wk52_lo": 3.947
    },
    "sp500": {
      "ticker": "^GSPC",
      "close": 7064.00977,
      "open": 7109.14,
      "netChange": -45.13023,
      "pctChange": -0.6348,
      "wk52_hi": 7147.52,
      "wk52_lo": 5207.6699
    },
    "bitcoin": {
      "ticker": "BTC-USD",
      "close": 77440.79688,
      "open": 75560.00781,
      "netChange": 1880.78907,
      "pctChange": 2.4891,
      "wk52_hi": 126198.0703,
      "wk52_lo": 60074.2031
    },
    "ripple": {
      "ticker": "XRP-USD",
      "close": 1.4435,
      "open": 1.4209,
      "netChange": 0.0226,
      "pctChange": 1.5905,
      "wk52_hi": 3.6502,
      "wk52_lo": 1.1335
    },
    "kaspa": {
      "ticker": "KAS-USD",
      "close": 0.03453,
      "open": 0.03392,
      "netChange": 0.00061,
      "pctChange": 1.7983,
      "wk52_hi": 0.1308,
      "wk52_lo": 0.0139
    }
  }
}